TAZ,population,population_altrnd
1,727,727
2,14,14
3,322,322
4,186,186
5,1669,1669
6,2138,2138
7,704,704
8,1303,1303
9,1320,1320
10,1370,1370
11,1627,1627
12,288,288
13,967,967
14,201,201
15,0,0
16,0,0
17,396,396
18,243,243
19,0,0
20,0,0
21,3730,3730
22,0,0
23,4,4
24,346,346
25,1941,1941
26,1132,1132
27,2525,2525
28,2249,2249
29,94,94
30,1012,1012
31,169,169
32,93,93
33,127,127
34,758,758
35,0,0
36,300,300
37,25,25
38,0,0
39,196,196
40,35,35
41,2,2
42,548,548
43,0,0
44,0,0
45,3,3
46,42,42
47,23,23
48,0,0
49,0,0
50,174,174
51,13,13
52,18,18
53,0,0
54,0,0
55,35,35
56,0,0
57,0,0
58,0,0
59,0,0
60,0,0
61,315,315
62,1995,1995
63,102,102
64,128,128
65,96,96
66,16,16
67,0,0
68,0,0
69,451,451
70,183,183
71,0,0
72,199,199
73,287,287
74,1644,1644
75,406,406
76,801,801
77,819,819
78,934,934
79,196,196
80,6,6
81,517,517
82,435,435
83,1872,1872
84,1839,1839
85,2114,2114
86,2047,2047
87,544,544
88,426,426
89,153,153
90,110,110
91,311,311
92,2056,2057
93,180,180
94,658,658
95,260,260
96,0,0
97,18,18
98,0,0
99,0,0
100,0,0
101,378,378
102,285,285
103,75,75
104,108,108
105,139,139
106,1146,1146
107,3251,3251
108,422,422
109,531,531
110,2109,2109
111,202,202
112,2159,2159
113,149,149
114,1651,1651
115,72,72
116,2666,2666
117,1472,1472
118,571,571
119,2102,2102
120,1939,1939
121,847,847
122,2308,2308
123,2225,2225
124,1666,1666
125,911,911
126,153,153
127,1194,1194
128,485,485
129,334,334
130,0,0
131,1512,1512
132,0,0
133,224,224
134,2374,2374
135,0,0
136,305,305
137,70,70
138,0,0
139,702,702
140,2,2
141,0,0
142,207,207
143,14,14
144,0,0
145,523,523
146,0,0
147,763,763
148,0,0
149,0,0
150,66,66
151,1054,1054
152,2924,2924
153,1427,1427
154,1203,1203
155,2683,2683
156,2722,2722
157,289,289
158,338,338
159,0,0
160,2081,2081
161,1807,1807
162,2605,2605
163,2165,2165
164,2676,2676
165,3106,3106
166,1375,1375
167,2581,2581
168,32,32
169,2347,2347
170,1735,1735
171,1326,1326
172,1524,1524
173,1327,1327
174,1049,1049
175,4474,4474
176,587,587
177,3316,3316
178,3526,3526
179,2069,2069
180,4526,4526
181,1983,1983
182,0,0
183,389,389
184,0,0
185,0,0
186,2356,2356
187,2050,2050
188,2052,2052
189,2077,2077
190,0,0
191,1763,1763
192,239,239
193,844,844
194,1167,1167
195,39,39
196,3226,3226
197,3130,3130
198,1190,1190
199,1085,1085
200,2121,2121
201,2900,2900
202,0,0
203,0,0
204,0,0
205,485,485
206,13,13
207,2651,2651
208,2507,2507
209,2088,2088
210,3736,3736
211,1407,1407
212,2005,2005
213,2542,2542
214,818,818
215,2089,2089
216,1767,1767
217,1402,1402
218,3061,3061
219,1684,1684
220,3740,3740
221,1606,1606
222,102,102
223,370,370
224,1656,1656
225,2068,2068
226,1079,1079
227,1657,1657
228,0,0
229,1406,1406
230,1589,1589
231,2340,2340
232,2851,2851
233,1905,1905
234,1548,1548
235,1929,1929
236,1483,1483
237,1308,1308
238,0,0
239,139,139
240,1656,1656
241,260,260
242,1614,1614
243,2842,2842
244,3069,3069
245,127,127
246,0,0
247,1072,1072
248,1218,1218
249,2250,2250
250,876,876
251,765,765
252,2716,2716
253,75,75
254,1005,1005
255,1144,1144
256,2122,2122
257,1487,1487
258,2345,2345
259,1202,1202
260,1876,1876
261,1204,1204
262,93,93
263,0,0
264,694,694
265,1194,1194
266,2094,2094
267,747,747
268,859,859
269,1423,1423
270,1552,1552
271,2018,2018
272,1465,1465
273,2353,2353
274,177,177
275,916,916
276,2806,2806
277,771,771
278,2446,2446
279,1644,1644
280,1411,1411
281,0,0
282,1633,1633
283,3,3
284,1,1
285,214,214
286,27,27
287,0,0
288,1124,1124
289,1024,1024
290,1140,1140
291,2495,2495
292,2006,2006
293,2636,2636
294,3933,3933
295,143,143
296,2614,2614
297,768,768
298,509,509
299,1588,1588
300,1307,1307
301,2130,2130
302,1789,1789
303,2331,2331
304,2331,2331
305,2474,2474
306,2050,2050
307,1759,1759
308,1865,1865
309,2948,2948
310,247,247
311,1802,1802
312,3112,3112
313,3458,3458
314,1790,1790
315,2,2
316,444,444
317,2401,2401
318,96,96
319,1905,1905
320,1319,1319
321,393,393
322,586,586
323,3045,3045
324,431,431
325,1978,1978
326,1674,1674
327,1513,1513
328,2441,2441
329,2830,2830
330,3095,3095
331,1672,1672
332,1540,1540
333,2976,2976
334,2554,2554
335,2010,2010
336,1742,1742
337,1749,1749
338,3142,3142
339,2270,2270
340,3478,3478
341,2781,2781
342,2855,2855
343,2397,2397
344,3063,3063
345,1841,1841
346,2,2
347,451,451
348,1905,1905
349,342,342
350,1692,1692
351,400,400
352,1759,1759
353,2052,2052
354,3920,3920
355,0,0
356,3136,3136
357,0,0
358,594,594
359,0,0
360,1349,1349
361,2460,2460
362,2472,2472
363,1201,1201
364,3146,3146
365,2956,2956
366,3452,3452
367,2567,2567
368,2508,2508
369,3682,3682
370,4328,4328
371,3742,3742
372,2027,2027
373,2893,2893
374,1662,1662
375,1687,1687
376,930,930
377,691,691
378,729,729
379,3283,3283
380,2527,2527
381,1646,1646
382,2114,2114
383,3246,3246
384,2452,2452
385,2403,2403
386,2330,2330
387,668,668
388,2787,2787
389,3513,3513
390,2300,2300
391,2057,2057
392,2827,2827
393,2337,2337
394,2237,2237
395,1672,1672
396,0,0
397,2,2
398,533,533
399,0,0
400,2784,2784
401,1782,1782
402,1781,1781
403,2303,2303
404,3055,3055
405,3155,3155
406,2499,2499
407,754,754
408,2743,2743
409,3001,3001
410,3087,3087
411,1954,1954
412,2064,2064
413,3486,3486
414,2463,2463
415,2855,2855
416,3569,3569
417,2123,2123
418,3228,3228
419,2372,2372
420,1640,1640
421,2057,2057
422,4087,4087
423,2577,2577
424,2230,2230
425,2535,2535
426,2870,2870
427,3732,3732
428,2294,2294
429,1242,1242
430,2091,2091
431,3495,3495
432,3938,3938
433,1790,1790
434,2340,2340
435,1892,1892
436,1912,1912
437,347,347
438,2533,2533
439,2515,2515
440,1895,1895
441,2361,2361
442,1721,1721
443,2012,2012
444,2802,2802
445,512,512
446,342,343
447,2015,2015
448,2270,2270
449,1903,1903
450,3420,3420
451,2692,2692
452,2496,2496
453,1532,1532
454,3183,3183
455,391,391
456,493,493
457,2849,2849
458,984,984
459,1989,1989
460,2303,2303
461,2903,2903
462,1723,1723
463,1955,1955
464,393,393
465,0,0
466,0,0
467,278,278
468,1359,1359
469,1618,1618
470,1214,1214
471,2474,2474
472,2123,2123
473,13,13
474,3205,3205
475,2161,2161
476,2181,2181
477,2569,2569
478,3668,3668
479,2049,2049
480,1447,1447
481,510,510
482,2045,2045
483,4128,4128
484,855,855
485,117,117
486,370,370
487,1934,1934
488,2801,2801
489,2276,2276
490,3456,3456
491,4293,4293
492,1957,1957
493,2333,2333
494,1863,1863
495,2671,2671
496,3350,3350
497,2176,2176
498,2766,2766
499,980,980
500,1264,1264
501,2445,2445
502,1010,1010
503,905,905
504,338,338
505,1512,1512
506,4144,4144
507,2878,2878
508,3708,3708
509,2275,2275
510,1763,1763
511,2882,2882
512,2111,2111
513,2628,2628
514,2214,2214
515,3878,3878
516,3435,3435
517,1236,1236
518,2493,2493
519,2257,2257
520,1106,1106
521,1857,1857
522,1836,1836
523,1965,1965
524,2971,2971
525,3888,3888
526,2865,2865
527,12,12
528,0,0
529,2396,2396
530,1114,1114
531,1286,1286
532,2398,2398
533,3121,3121
534,2113,2113
535,2709,2709
536,2882,2882
537,886,886
538,3202,3202
539,1432,1432
540,1289,1289
541,856,856
542,2158,2158
543,2611,2611
544,1876,1876
545,2371,2371
546,2692,2692
547,2078,2078
548,1012,1012
549,2457,2457
550,3435,3435
551,590,590
552,1979,1979
553,2658,2658
554,1359,1359
555,1949,1949
556,2331,2331
557,1786,1786
558,1540,1540
559,1096,1096
560,181,181
561,1632,1632
562,1772,1772
563,0,0
564,0,0
565,517,517
566,3769,3769
567,2678,2678
568,2581,2581
569,2594,2594
570,3021,3021
571,3559,3559
572,1701,1701
573,2065,2065
574,2307,2307
575,2890,2890
576,2232,2232
577,2358,2358
578,1589,1589
579,0,0
580,286,286
581,182,182
582,668,668
583,1009,1009
584,2924,2924
585,1774,1774
586,1861,1861
587,1883,1883
588,1935,1935
589,2370,2370
590,1512,1512
591,1334,1334
592,0,0
593,0,0
594,0,0
595,0,0
596,1210,1210
597,1887,1887
598,1879,1879
599,2119,2119
600,3339,3339
601,2244,2244
602,2341,2341
603,923,923
604,281,281
605,2071,2071
606,2162,2162
607,3117,3117
608,740,740
609,201,201
610,2173,2173
611,1929,1929
612,1585,1585
613,3085,3085
614,2947,2947
615,3387,3387
616,2012,2012
617,1302,1302
618,1783,1783
619,1629,1629
620,2697,2697
621,2821,2821
622,2281,2281
623,1990,1990
624,1881,1881
625,1654,1654
626,247,247
627,208,208
628,250,250
629,884,884
630,674,674
631,571,571
632,1642,1642
633,172,172
634,952,952
635,410,410
636,245,245
637,430,430
638,895,895
639,0,0
640,17,17
641,382,382
642,611,611
643,416,416
644,3631,3631
645,0,0
646,1737,1737
647,1369,1369
648,1104,1104
649,1274,1274
650,770,770
651,2248,2248
652,0,0
653,3039,3039
654,251,251
655,120,120
656,939,939
657,102,102
658,431,431
659,1665,1665
660,826,826
661,878,878
662,1548,1548
663,1281,1281
664,214,214
665,1367,1367
666,2563,2563
667,1966,1966
668,860,860
669,1110,1110
670,1617,1617
671,992,992
672,1597,1597
673,819,819
674,2077,2077
675,1786,1786
676,1311,1311
677,669,669
678,1598,1598
679,195,195
680,1036,1036
681,825,825
682,2088,2088
683,3295,3295
684,1692,1692
685,166,166
686,388,388
687,355,355
688,5,5
689,24,24
690,864,864
691,1460,1460
692,0,0
693,150,150
694,2024,2024
695,935,935
696,726,726
697,197,197
698,1899,1899
699,749,749
700,1146,1146
701,582,582
702,1195,1195
703,2071,2071
704,1262,1262
705,1751,1751
706,1447,1447
707,1798,1798
708,1095,1095
709,958,958
710,1138,1138
711,141,141
712,193,193
713,1089,1089
714,547,547
715,2345,2345
716,35,35
717,1487,1487
718,1746,1746
719,1854,1854
720,1954,1954
721,1119,1119
722,3142,3142
723,0,0
724,0,0
725,328,328
726,672,672
727,568,568
728,0,0
729,2138,2138
730,4410,4410
731,3032,3032
732,2180,2180
733,3485,3485
734,1314,1314
735,3540,3540
736,1497,1497
737,3804,3804
738,2419,2419
739,2065,2065
740,1905,1905
741,3122,3122
742,1917,1917
743,1029,1029
744,1767,1767
745,1339,1339
746,1668,1668
747,1171,1171
748,2358,2358
749,1447,1447
750,2135,2135
751,1497,1497
752,1230,1230
753,1191,1191
754,1032,1032
755,4035,4035
756,3410,3410
757,344,344
758,896,896
759,3073,3073
760,1439,1439
761,1705,1705
762,1242,1242
763,1980,1980
764,1953,1953
765,538,538
766,4341,4341
767,2263,2263
768,2875,2875
769,1245,1245
770,3598,3598
771,1769,1769
772,1015,1015
773,2959,2959
774,3638,3638
775,2631,2631
776,2055,2055
777,3874,3874
778,2585,2585
779,3075,3075
780,2706,2706
781,2395,2395
782,2884,2884
783,1333,1333
784,2998,2998
785,2037,2037
786,2920,2920
787,3987,3987
788,1882,1882
789,546,546
790,1437,1437
791,1781,1781
792,3190,3190
793,2676,2676
794,3404,3404
795,3052,3052
796,2242,2242
797,1979,1979
798,2446,2446
799,2423,2423
800,1422,1422
801,2016,2016
802,172,172
803,2137,2137
804,1373,1373
805,2778,2778
806,723,723
807,1152,1152
808,52,52
809,30,30
810,1169,1169
811,227,227
812,1759,1759
813,1430,1430
814,1070,1070
815,2701,2701
816,3023,3023
817,3666,3666
818,3159,3159
819,1554,1554
820,2973,2973
821,1098,1098
822,1711,1711
823,2901,2901
824,1959,1959
825,2238,2238
826,1768,1768
827,2746,2746
828,584,584
829,757,757
830,2760,2760
831,934,934
832,1479,1479
833,2347,2347
834,199,199
835,2862,2862
836,1676,1676
837,433,433
838,717,717
839,40,40
840,3210,3210
841,2411,2411
842,1434,1434
843,910,910
844,2697,2697
845,1733,1733
846,1329,1329
847,1382,1382
848,2852,2852
849,1680,1680
850,3161,3161
851,1324,1324
852,2932,2932
853,4195,4195
854,824,825
855,3224,3224
856,1565,1565
857,3541,3541
858,3655,3655
859,1533,1533
860,2830,2830
861,424,424
862,2221,2221
863,297,297
864,419,419
865,104,104
866,28,28
867,198,198
868,0,0
869,16,16
870,8,8
871,1761,1761
872,2863,2863
873,1871,1871
874,3283,3283
875,0,0
876,2,2
877,2213,2213
878,2085,2085
879,1531,1531
880,986,986
881,2609,2609
882,2298,2298
883,2677,2677
884,2810,2810
885,1362,1362
886,1269,1269
887,2972,2972
888,1793,1793
889,1928,1928
890,2876,2876
891,2813,2813
892,2848,2848
893,2806,2806
894,1634,1634
895,2529,2529
896,736,736
897,396,396
898,3555,3555
899,2727,2727
900,1351,1351
901,839,839
902,1815,1815
903,3085,3085
904,2878,2879
905,3766,3766
906,1698,1698
907,2564,2564
908,2973,2973
909,1834,1834
910,1368,1368
911,2888,2888
912,1019,1019
913,2443,2443
914,2719,2719
915,1936,1936
916,1975,1975
917,1844,1844
918,1241,1241
919,1351,1351
920,674,674
921,463,463
922,1675,1675
923,836,836
924,252,252
925,1140,1140
926,557,557
927,2381,2381
928,2166,2166
929,3046,3046
930,3652,3652
931,1512,1512
932,1540,1540
933,1485,1485
934,415,415
935,2092,2092
936,3111,3111
937,2187,2187
938,3323,3323
939,544,544
940,2327,2327
941,826,826
942,114,114
943,2443,2443
944,2302,2302
945,2129,2129
946,1944,1944
947,3190,3190
948,1970,1970
949,1354,1354
950,2468,2468
951,661,661
952,2589,2589
953,4197,4197
954,8,8
955,797,797
956,0,0
957,0,0
958,6,6
959,3,3
960,2053,2053
961,1533,1533
962,344,344
963,2272,2272
964,2220,2220
965,3450,3450
966,3425,3425
967,3015,3015
968,17,17
969,1430,1430
970,1094,1094
971,798,798
972,111,111
973,0,0
974,355,355
975,110,110
976,943,943
977,395,395
978,2629,2629
979,1612,1612
980,1325,1325
981,3767,3767
982,1002,1002
983,2422,2422
984,2222,2222
985,1301,1301
986,512,512
987,1846,1846
988,1228,1228
989,1656,1656
990,3078,3078
991,1541,1541
992,1518,1518
993,2896,2896
994,1250,1250
995,1294,1294
996,1892,1892
997,2812,2812
998,1305,1305
999,966,966
1000,956,956
1001,2459,2459
1002,1077,1077
1003,1833,1833
1004,1023,1023
1005,1423,1423
1006,2453,2453
1007,2166,2166
1008,812,812
1009,1599,1599
1010,1483,1483
1011,1889,1889
1012,1847,1847
1013,1876,1876
1014,1255,1255
1015,2391,2391
1016,1383,1383
1017,2153,2153
1018,1412,1412
1019,1689,1689
1020,2588,2588
1021,2047,2047
1022,3001,3001
1023,1651,1651
1024,1646,1646
1025,1726,1726
1026,1154,1154
1027,2046,2046
1028,2901,2901
1029,616,616
1030,1246,1246
1031,1292,1292
1032,1252,1252
1033,2037,2037
1034,2325,2325
1035,286,286
1036,3012,3012
1037,2228,2228
1038,912,912
1039,587,587
1040,0,0
1041,1619,1619
1042,1587,1587
1043,2018,2018
1044,729,729
1045,2632,2632
1046,404,404
1047,1507,1507
1048,2020,2020
1049,0,0
1050,1094,1094
1051,2817,2817
1052,1817,1817
1053,2138,2138
1054,1333,1333
1055,2295,2295
1056,37,37
1057,39,39
1058,113,113
1059,1684,1684
1060,3332,3332
1061,1077,1077
1062,7,7
1063,1013,1013
1064,0,0
1065,1432,1432
1066,2548,2548
1067,2601,2601
1068,3259,3259
1069,2480,2480
1070,1285,1285
1071,3154,3154
1072,4006,4006
1073,1651,1651
1074,1078,1078
1075,3042,3042
1076,660,660
1077,3250,3250
1078,1761,1761
1079,2272,2272
1080,2362,2362
1081,2848,2848
1082,2025,2025
1083,189,189
1084,1459,1459
1085,2172,2172
1086,407,407
1087,1895,1895
1088,4084,4084
1089,605,605
1090,2113,2113
1091,1358,1358
1092,2203,2203
1093,2604,2604
1094,2413,2413
1095,1414,1414
1096,592,592
1097,2440,2440
1098,1999,1999
1099,744,744
1100,1428,1428
1101,2566,2566
1102,1434,1434
1103,2756,2756
1104,1121,1121
1105,2265,2265
1106,2320,2320
1107,2839,2839
1108,1105,1105
1109,3427,3427
1110,1804,1804
1111,1669,1669
1112,578,578
1113,1476,1476
1114,620,620
1115,0,0
1116,455,455
1117,824,824
1118,398,398
1119,1768,1768
1120,2216,2216
1121,3236,3236
1122,1119,1119
1123,575,575
1124,1791,1791
1125,2278,2278
1126,34,34
1127,3711,3711
1128,1554,1554
1129,327,327
1130,2935,2935
1131,4411,4411
1132,3592,3592
1133,1630,1630
1134,2336,2336
1135,2016,2016
1136,1674,1674
1137,2180,2180
1138,489,489
1139,473,473
1140,2978,2978
1141,2290,2290
1142,3604,3604
1143,2031,2031
1144,1393,1393
1145,2003,2003
1146,2994,2994
1147,2575,2575
1148,2919,2919
1149,2072,2072
1150,2863,2863
1151,2692,2692
1152,785,785
1153,1363,1363
1154,1975,1975
1155,1928,1928
1156,2202,2202
1157,1333,1333
1158,1771,1771
1159,2504,2504
1160,1666,1666
1161,2741,2741
1162,1901,1901
1163,3253,3253
1164,2941,2941
1165,1752,1753
1166,2875,2875
1167,2717,2717
1168,2564,2564
1169,1460,1460
1170,1,1
1171,2610,2610
1172,2566,2566
1173,1539,1539
1174,2267,2267
1175,1726,1726
1176,1311,1311
1177,2647,2647
1178,2993,2993
1179,1052,1052
1180,1840,1840
1181,1529,1529
1182,1856,1856
1183,2010,2010
1184,2013,2013
1185,576,576
1186,1627,1627
1187,1591,1591
1188,3721,3721
1189,1708,1708
1190,1986,1986
1191,1180,1180
1192,2358,2358
1193,1662,1662
1194,876,876
1195,2721,2721
1196,147,147
1197,264,264
1198,707,707
1199,1184,1184
1200,1634,1634
1201,2292,2292
1202,1348,1348
1203,2281,2281
1204,1867,1867
1205,2316,2316
1206,1848,1848
1207,3588,3588
1208,2115,2115
1209,3987,3987
1210,1404,1404
1211,1253,1253
1212,3929,3929
1213,1149,1149
1214,0,0
1215,11,11
1216,24,24
1217,3106,3106
1218,2317,2317
1219,2754,2754
1220,408,408
1221,93,93
1222,1154,1154
1223,1894,1894
1224,3738,3738
1225,875,875
1226,1756,1756
1227,1974,1974
1228,1967,1967
1229,3322,3322
1230,4230,4230
1231,1799,1799
1232,152,152
1233,1843,1843
1234,55,55
1235,176,176
1236,1500,1500
1237,1043,1043
1238,1236,1236
1239,1626,1626
1240,1964,1964
1241,2900,2900
1242,754,754
1243,705,705
1244,2215,2215
1245,3655,3655
1246,121,121
1247,252,252
1248,1782,1782
1249,1164,1164
1250,384,384
1251,1167,1167
1252,2142,2142
1253,185,185
1254,2318,2318
1255,2633,2633
1256,1710,1710
1257,963,963
1258,1504,1504
1259,2192,2192
1260,1426,1426
1261,1416,1416
1262,2279,2279
1263,2545,2545
1264,1721,1721
1265,2033,2033
1266,2202,2202
1267,4256,4256
1268,1444,1444
1269,2913,2913
1270,1223,1223
1271,363,363
1272,1130,1130
1273,1519,1519
1274,1473,1473
1275,2759,2759
1276,3407,3407
1277,2539,2539
1278,2581,2581
1279,2254,2254
1280,2068,2068
1281,1247,1247
1282,2193,2193
1283,911,911
1284,1099,1099
1285,661,661
1286,1431,1431
1287,333,333
1288,2099,2099
1289,1472,1472
1290,3123,3123
1291,2640,2640
1292,1390,1390
1293,2979,2979
1294,1853,1853
1295,1890,1890
1296,1940,1940
1297,509,509
1298,0,0
1299,2076,2076
1300,2652,2652
1301,2305,2305
1302,4201,4201
1303,1158,1158
1304,1733,1733
1305,575,575
1306,855,855
1307,342,342
1308,2392,2392
1309,1010,1010
1310,1713,1713
1311,2902,2902
1312,954,954
1313,1366,1366
1314,825,825
1315,1110,1110
1316,183,183
1317,2016,2016
1318,2051,2051
1319,352,352
1320,545,545
1321,462,462
1322,2824,2824
1323,617,617
1324,2293,2293
1325,138,138
1326,3056,3056
1327,85,85
1328,1797,1797
1329,440,440
1330,1701,1701
1331,1091,1091
1332,1036,1036
1333,813,813
1334,2207,2207
1335,1746,1746
1336,1215,1215
1337,1340,1340
1338,458,458
1339,335,335
1340,1176,1176
1341,3032,3032
1342,368,368
1343,3058,3058
1344,2513,2513
1345,1927,1927
1346,2774,2774
1347,868,868
1348,1875,1875
1349,721,721
1350,2132,2132
1351,501,501
1352,1478,1478
1353,1739,1739
1354,1887,1887
1355,1501,1501
1356,296,296
1357,614,614
1358,1968,1968
1359,624,624
1360,33,33
1361,256,256
1362,74,74
1363,2113,2113
1364,1012,1012
1365,46,46
1366,323,323
1367,1767,1767
1368,11,11
1369,73,73
1370,0,0
1371,0,0
1372,0,0
1373,0,0
1374,167,167
1375,676,676
1376,1140,1140
1377,486,486
1378,1689,1689
1379,0,0
1380,2054,2054
1381,2085,2085
1382,2530,2530
1383,3034,3034
1384,1885,1885
1385,3024,3024
1386,2496,2496
1387,5,5
1388,4171,4171
1389,1152,1152
1390,571,571
1391,2359,2359
1392,37,37
1393,2336,2336
1394,1909,1909
1395,610,610
1396,2794,2794
1397,16,16
1398,1030,1030
1399,1200,1200
1400,2587,2587
1401,3695,3695
1402,857,857
1403,1877,1877
1404,520,520
1405,354,354
1406,19,19
1407,1057,1057
1408,2291,2291
1409,2318,2318
1410,1412,1412
1411,2840,2840
1412,43,43
1413,2175,2175
1414,1051,1051
1415,1314,1314
1416,2429,2429
1417,280,280
1418,1288,1288
1419,693,693
1420,0,0
1421,0,0
1422,2021,2021
1423,1429,1429
1424,2277,2277
1425,1361,1361
1426,734,734
1427,325,325
1428,599,599
1429,2036,2036
1430,1726,1726
1431,110,110
1432,2375,2375
1433,450,450
1434,1294,1294
1435,1161,1161
1436,1446,1446
1437,1657,1657
1438,2114,2114
1439,1078,1078
1440,2573,2573
1441,970,970
1442,2116,2116
1443,434,434
1444,2239,2239
1445,2613,2613
1446,880,880
1447,1704,1704
1448,1329,1329
1449,2366,2366
1450,1720,1720
1451,322,322
1452,814,814
1453,1463,1463
1454,75,75
1455,699,699
1456,1545,1545
1457,2022,2022
1458,2695,2695
1459,2446,2446
1460,1841,1841
1461,1866,1866
1462,2294,2294
1463,1312,1312
1464,1064,1064
1465,72,72
1466,2101,2101
1467,1397,1397
1468,2564,2564
1469,1395,1395
1470,1444,1444
1471,965,965
1472,1267,1267
1473,1290,1290
1474,2335,2335
1475,3770,3770
1476,1548,1548
1477,4102,4102
1478,2758,2758
1479,2394,2394
1480,2032,2032
1481,727,727
1482,1325,1325
1483,810,810
1484,1773,1773
1485,1185,1185
1486,1628,1628
1487,1570,1570
1488,819,819
1489,1533,1533
1490,0,0
1491,2824,2824
1492,2067,2067
1493,2998,2998
1494,3925,3925
1495,1399,1399
1496,2052,2052
1497,2001,2001
1498,1155,1155
1499,918,918
1500,3186,3186
1501,2638,2638
1502,2040,2040
1503,1467,1467
1504,210,210
1505,1754,1754
1506,1844,1844
1507,373,373
1508,1263,1263
1509,2171,2171
1510,1762,1762
1511,1949,1949
1512,1873,1873
1513,931,931
1514,1247,1247
1515,527,527
1516,2389,2389
1517,744,744
1518,9,9
1519,268,268
1520,148,148
1521,0,0
1522,4579,4579
1523,75,75
1524,1624,1624
1525,91,91
1526,2855,2855
1527,1846,1846
1528,20,20
1529,3332,3332
1530,2178,2178
1531,828,828
1532,2346,2346
1533,1277,1277
1534,2299,2299
1535,361,361
1536,1473,1473
1537,1543,1543
1538,1143,1143
1539,608,608
1540,1019,1019
1541,2819,2819
1542,3297,3297
1543,1151,1151
1544,3284,3284
1545,3530,3530
1546,2055,2055
1547,2026,2026
1548,325,325
1549,1991,1991
1550,3124,3124
1551,764,764
1552,2605,2605
1553,3053,3053
1554,1443,1443
1555,2673,2673
1556,2,2
1557,37,37
1558,3699,3699
1559,2,2
1560,2,2
1561,598,599
1562,292,293
1563,1860,1860
1564,898,898
1565,815,815
1566,1080,1080
1567,2479,2479
1568,689,689
1569,899,899
1570,2216,2216
1571,1830,1830
1572,1737,1737
1573,1682,1682
1574,2241,2241
1575,294,294
1576,2308,2308
1577,4739,4739
1578,1794,1794
1579,1247,1247
1580,2271,2271
1581,1788,1788
1582,3318,3318
1583,0,0
1584,3,3
1585,4130,4130
1586,2092,2092
1587,1548,1548
1588,2889,2889
1589,3157,3157
1590,2111,2111
1591,2008,2008
1592,3351,3351
1593,2163,2163
1594,2611,2611
1595,1372,1372
1596,1623,1623
1597,3975,3975
1598,1474,1474
1599,3330,3330
1600,627,627
1601,1792,1792
1602,2092,2092
1603,1098,1098
1604,780,780
1605,2785,2785
1606,1037,1037
1607,2430,2430
1608,2398,2398
1609,2579,2579
1610,2218,2218
1611,2085,2085
1612,736,736
1613,2169,2169
1614,0,0
1615,1221,1221
1616,3,3
1617,0,0
1618,51,51
1619,2857,2857
1620,2562,2562
1621,106,106
1622,32,32
1623,2859,2859
1624,2812,2812
1625,184,184
1626,32,33
1627,0,0
1628,16,16
1629,1552,1552
1630,473,473
1631,1477,1477
1632,3189,3189
1633,1383,1383
1634,205,205
1635,2925,2925
1636,1735,1735
1637,2928,2928
1638,1151,1151
1639,2593,2593
1640,2222,2222
1641,894,894
1642,1826,1826
1643,3338,3338
1644,3303,3303
1645,748,748
1646,1477,1477
1647,1549,1549
1648,2016,2016
1649,2492,2492
1650,370,370
1651,2348,2348
1652,2351,2351
1653,2804,2804
1654,1880,1880
1655,2723,2723
1656,1999,1999
1657,1360,1360
1658,2333,2333
1659,2583,2583
1660,1863,1863
1661,2282,2282
1662,2358,2358
1663,2832,2832
1664,2889,2889
1665,479,479
1666,2535,2535
1667,1987,1987
1668,1986,1986
1669,407,407
1670,2562,2562
1671,1239,1239
1672,2188,2188
1673,2845,2845
1674,231,231
1675,2557,2557
1676,1989,1989
1677,1594,1594
1678,2057,2057
1679,843,843
1680,299,299
1681,2089,2089
1682,1858,1858
1683,2924,2924
1684,13,13
1685,1703,1703
1686,1088,1088
1687,110,110
1688,2196,2196
1689,2662,2662
1690,2179,2179
1691,868,868
1692,2944,2944
1693,1942,1942
1694,3390,3390
1695,2328,2328
1696,2594,2594
1697,2274,2274
1698,948,948
1699,252,252
1700,1477,1477
1701,2526,2526
1702,2391,2391
1703,3333,3333
1704,67,67
1705,1055,1055
1706,1451,1451
1707,1295,1295
1708,1885,1885
1709,1356,1356
1710,1941,1941
1711,932,932
1712,2621,2621
1713,1867,1867
1714,1743,1743
1715,2078,2078
1716,2270,2270
1717,1770,1770
1718,1188,1188
1719,3272,3272
1720,164,164
1721,0,0
1722,304,304
1723,714,714
1724,998,998
1725,1184,1184
1726,964,964
1727,192,192
1728,2536,2536
1729,3616,3616
1730,2102,2102
1731,2538,2538
1732,1359,1359
1733,1992,1992
1734,1659,1659
1735,1930,1930
1736,1341,1341
1737,14,14
1738,518,518
1739,7,7
1740,1011,1011
1741,1331,1331
1742,2333,2333
1743,3798,3798
1744,2579,2579
1745,2228,2228
1746,638,638
1747,1928,1928
1748,3565,3565
1749,2147,2147
1750,2282,2282
1751,1063,1063
1752,1471,1471
1753,1034,1034
1754,1149,1149
1755,41,41
1756,1469,1469
1757,448,448
1758,43,43
1759,713,713
1760,3917,3917
1761,3281,3281
1762,3854,3854
1763,1704,1704
1764,2917,2917
1765,1975,1975
1766,2646,2646
1767,599,599
1768,34,34
1769,1543,1543
1770,3226,3226
1771,2913,2913
1772,2919,2919
1773,805,805
1774,2831,2831
1775,696,696
1776,2908,2908
1777,2798,2798
1778,703,703
1779,2170,2170
1780,459,459
1781,1800,1800
1782,3472,3472
1783,3531,3531
1784,2111,2111
1785,898,898
1786,2138,2138
1787,2470,2470
1788,1519,1519
1789,1933,1933
1790,2383,2383
1791,1035,1035
1792,7,7
1793,0,0
1794,2,2
1795,2978,2978
1796,857,857
1797,2178,2178
1798,0,0
1799,181,181
1800,874,874
1801,503,503
1802,1143,1143
1803,1882,1882
1804,3172,3172
1805,2220,2220
1806,1914,1914
1807,2637,2637
1808,77,77
1809,1240,1240
1810,2067,2067
1811,2929,2929
1812,2599,2599
1813,4719,4719
1814,1550,1550
1815,1965,1965
1816,1887,1887
1817,1997,1997
1818,2238,2238
1819,1461,1461
1820,1377,1377
1821,1575,1575
1822,2280,2280
1823,2757,2757
1824,1954,1954
1825,1133,1133
1826,2303,2303
1827,2155,2155
1828,1593,1593
1829,1037,1037
1830,115,115
1831,1279,1279
1832,3341,3341
1833,1027,1027
1834,703,703
1835,3404,3404
1836,1492,1492
1837,2258,2258
1838,1934,1934
1839,1256,1256
1840,489,489
1841,0,0
1842,495,495
1843,1620,1620
1844,2740,2740
1845,1559,1559
1846,1902,1902
1847,377,377
1848,2321,2321
1849,2481,2481
1850,2396,2396
1851,1468,1468
1852,1626,1626
1853,2765,2765
1854,366,366
1855,36,36
1856,1441,1441
1857,1516,1516
1858,421,421
1859,1669,1669
1860,1403,1403
1861,2225,2225
1862,2762,2762
1863,2254,2254
1864,1942,1942
1865,121,121
1866,78,78
1867,1496,1496
1868,1659,1659
1869,2755,2755
1870,1585,1585
1871,1601,1601
1872,1598,1598
1873,2404,2404
1874,1256,1256
1875,911,911
1876,1634,1634
1877,2379,2379
1878,1388,1388
1879,1952,1952
1880,1271,1271
1881,1236,1236
1882,1528,1528
1883,2054,2054
1884,1174,1174
1885,1994,1994
1886,2923,2923
1887,2770,2770
1888,2184,2184
1889,2116,2116
1890,1055,1055
1891,327,327
1892,888,888
1893,3185,3185
1894,2605,2605
1895,2358,2358
1896,1791,1791
1897,2597,2597
1898,1035,1035
1899,258,258
1900,19,19
1901,22,22
1902,133,133
1903,65,65
1904,602,602
1905,1756,1756
1906,1778,1779
1907,2969,2969
1908,1154,1154
1909,2031,2031
1910,1338,1338
1911,2143,2143
1912,1877,1877
1913,2409,2409
1914,4491,4491
1915,2078,2078
1916,3313,3313
1917,477,477
1918,2366,2366
1919,2770,2770
1920,2353,2353
1921,2540,2540
1922,1977,1977
1923,2459,2459
1924,1722,1722
1925,2575,2575
1926,2016,2016
1927,2541,2541
1928,979,979
1929,1705,1705
1930,2730,2730
1931,168,168
1932,2459,2459
1933,496,496
1934,2068,2068
1935,1357,1357
1936,2278,2278
1937,1252,1252
1938,2065,2065
1939,1035,1035
1940,2469,2469
1941,2242,2242
1942,2525,2525
1943,1298,1298
1944,2098,2098
1945,2696,2696
1946,2316,2316
1947,1890,1890
1948,2037,2037
1949,580,580
1950,1347,1347
1951,1547,1547
1952,1646,1646
1953,981,981
1954,1360,1360
1955,941,941
1956,1708,1708
1957,1731,1731
1958,715,715
1959,1054,1054
1960,2245,2245
1961,921,921
1962,1733,1733
1963,2356,2356
1964,659,659
1965,527,527
1966,821,821
1967,2485,2485
1968,15,15
1969,2094,2094
1970,1446,1446
1971,456,456
1972,2155,2155
1973,2668,2668
1974,1952,1952
1975,697,697
1976,1586,1586
1977,4066,4066
1978,2393,2393
1979,1739,1739
1980,2843,2843
1981,999,999
1982,1937,1937
1983,761,761
1984,1790,1790
1985,2256,2256
1986,720,720
1987,1135,1135
1988,2707,2707
1989,2446,2446
1990,1294,1294
1991,993,993
1992,2942,2942
1993,1603,1603
1994,930,930
1995,2031,2031
1996,1771,1771
1997,2045,2045
1998,3143,3143
1999,0,0
2000,84,84
2001,2750,2750
2002,3100,3100
2003,4317,4317
2004,2896,2896
2005,2617,2617
2006,3093,3093
2007,380,380
2008,2822,2822
2009,3137,3137
2010,3966,3966
2011,4671,4671
2012,1803,1803
2013,3858,3858
2014,3810,3810
2015,2571,2571
2016,1723,1723
2017,788,788
2018,11,11
2019,1864,1864
2020,3641,3641
2021,3685,3685
2022,3124,3124
2023,4231,4231
2024,1364,1364
2025,2518,2518
2026,2365,2365
2027,993,993
2028,1497,1497
2029,2094,2094
2030,1559,1559
2031,1131,1131
2032,1781,1781
2033,2052,2052
2034,2571,2571
2035,979,979
2036,2230,2230
2037,1442,1442
2038,652,652
2039,623,623
2040,935,935
2041,2606,2606
2042,1112,1112
2043,3219,3219
2044,2254,2254
2045,1534,1534
2046,3070,3070
2047,2830,2830
2048,1054,1054
2049,1005,1005
2050,2311,2311
2051,2313,2313
2052,2320,2320
2053,3420,3420
2054,1078,1078
2055,1489,1489
2056,1287,1287
2057,1358,1358
2058,2355,2355
2059,1845,1845
2060,1867,1867
2061,2287,2287
2062,601,601
2063,3740,3740
2064,3487,3487
2065,2048,2048
2066,3520,3520
2067,1210,1210
2068,3701,3701
2069,1354,1354
2070,84,84
2071,3690,3690
2072,1743,1743
2073,1442,1442
2074,3225,3225
2075,4333,4333
2076,2667,2667
2077,899,899
2078,2411,2411
2079,2952,2952
2080,1860,1860
2081,3260,3260
2082,2350,2350
2083,1830,1830
2084,1729,1729
2085,3306,3306
2086,2059,2059
2087,487,487
2088,2833,2833
2089,2334,2334
2090,2384,2384
2091,2579,2579
2092,1696,1696
2093,3411,3411
2094,2007,2007
2095,1868,1868
2096,2686,2686
2097,2166,2166
2098,2051,2051
2099,1384,1384
2100,3547,3547
2101,2339,2339
2102,1928,1928
2103,2987,2987
2104,2587,2587
2105,1678,1678
2106,1000,1000
2107,1774,1774
2108,1350,1350
2109,1020,1020
2110,3013,3013
2111,2204,2204
2112,1766,1766
2113,3616,3616
2114,1613,1613
2115,1488,1488
2116,1561,1561
2117,3799,3799
2118,892,892
2119,967,967
2120,1688,1688
2121,1955,1955
2122,3920,3920
2123,2974,2974
2124,2927,2927
2125,2836,2836
2126,2248,2248
2127,2208,2208
2128,2213,2213
2129,1624,1624
2130,49,49
2131,304,304
2132,243,243
2133,677,677
2134,159,159
2135,2201,2201
2136,1447,1447
2137,2253,2253
2138,3247,3247
2139,2887,2887
2140,2370,2370
2141,3582,3582
2142,1140,1140
2143,1257,1257
2144,1178,1178
2145,2793,2793
2146,1704,1704
2147,1836,1836
2148,2843,2843
2149,2655,2655
2150,1905,1905
2151,1988,1988
2152,2758,2758
2153,1639,1639
2154,1114,1114
2155,1277,1277
2156,2173,2173
2157,3357,3357
2158,1700,1700
2159,2288,2288
2160,2977,2977
2161,3626,3626
2162,702,702
2163,1136,1136
2164,1547,1547
2165,879,879
2166,1226,1226
2167,314,314
2168,70,70
2169,633,633
2170,969,969
2171,1149,1149
2172,2665,2665
2173,1187,1187
2174,1992,1992
2175,3187,3187
2176,2420,2420
2177,1908,1908
2178,2320,2320
2179,2185,2185
2180,2308,2308
2181,1672,1672
2182,2040,2040
2183,118,118
2184,68,68
2185,442,442
2186,2552,2552
2187,198,198
2188,4,4
2189,513,513
2190,1423,1423
2191,2247,2247
2192,592,593
2193,272,272
2194,2010,2010
2195,980,980
2196,771,771
2197,627,627
2198,709,709
2199,2487,2487
2200,1800,1800
2201,2240,2240
2202,1264,1264
2203,1185,1185
2204,1901,1901
2205,1812,1812
2206,916,916
2207,493,493
2208,2020,2020
2209,854,854
2210,1949,1949
2211,504,504
2212,2098,2098
2213,1084,1084
2214,2002,2002
2215,926,926
2216,489,489
2217,1054,1054
2218,1872,1872
2219,1457,1457
2220,1141,1141
2221,798,798
2222,729,729
2223,820,820
2224,1571,1571
2225,2135,2135
2226,1245,1245
2227,1517,1517
2228,2893,2893
2229,1479,1479
2230,2609,2609
2231,1539,1539
2232,2977,2977
2233,2385,2385
2234,2382,2382
2235,2444,2444
2236,2297,2297
2237,858,858
2238,905,905
2239,3083,3083
2240,907,907
2241,1872,1872
2242,1777,1777
2243,1822,1822
2244,1414,1414
2245,2151,2151
2246,1908,1908
2247,2662,2662
2248,2905,2905
2249,3185,3185
2250,2679,2679
2251,638,638
2252,1406,1406
2253,3209,3209
2254,646,646
2255,370,370
2256,2827,2827
2257,1198,1198
2258,11,11
2259,1292,1292
2260,184,184
2261,328,328
2262,236,236
2263,350,350
2264,504,504
2265,0,0
2266,392,392
2267,1288,1288
2268,549,549
2269,1765,1765
2270,1863,1863
2271,1315,1315
2272,700,700
2273,1542,1542
2274,2714,2714
2275,2254,2254
2276,1843,1843
2277,1942,1942
2278,1925,1925
2279,2308,2308
2280,1789,1789
2281,2631,2631
2282,1028,1028
2283,1134,1134
2284,2951,2951
2285,1728,1728
2286,1932,1932
2287,1147,1147
2288,1141,1141
2289,1044,1044
2290,994,994
2291,1022,1022
2292,778,778
2293,989,989
2294,2650,2650
2295,2173,2173
2296,2121,2121
2297,743,743
2298,2449,2449
2299,2454,2454
2300,1833,1833
2301,3147,3147
2302,743,743
2303,1148,1148
2304,975,975
2341,3252,3252
2342,3117,3117
2343,1459,1459
2344,2088,2088
2345,2835,2835
2346,2835,2835
2347,2993,2993
2348,3352,3352
2349,3393,3393
2350,1080,1080
2351,712,712
2352,1017,1017
2353,5,5
2354,698,698
2355,1002,1002
2356,1376,1376
2357,313,313
2358,703,703
2359,1972,1972
2360,79,79
2361,407,407
2362,1515,1515
2363,685,685
2364,1163,1163
2365,2494,2494
2366,546,546
2367,3237,3237
2368,2325,2325
2369,2755,2755
2370,2503,2503
2371,3131,3131
2372,2332,2332
2373,1284,1284
2374,962,962
2375,1605,1605
2376,2180,2180
2377,1024,1024
2378,987,987
2379,106,106
2380,1697,1697
2381,232,232
2382,91,91
2383,1127,1127
2384,2286,2286
2385,824,824
2386,533,533
2387,1777,1777
2388,0,0
2389,0,0
2390,4092,4092
2391,1769,1769
2392,2296,2297
2393,2170,2171
2394,1377,1377
2395,1252,1252
2396,1598,1598
2397,2048,2048
2398,1677,1677
2399,1616,1616
2400,566,566
2401,1835,1835
2402,1328,1328
2403,1120,1120
2404,1556,1556
2405,2652,2652
2406,1408,1408
2407,2267,2267
2408,2699,2699
2409,1942,1942
2410,1248,1248
2411,1734,1734
2412,2971,2971
2413,2136,2136
2414,2496,2496
2415,2101,2101
2416,2019,2019
2417,514,514
2418,1742,1742
2419,2080,2080
2420,1613,1613
2421,2580,2580
2422,968,968
2423,2941,2941
2424,901,901
2425,3522,3522
2456,1706,1706
2457,2329,2329
2458,969,969
2459,2175,2175
2460,1050,1050
2461,82,82
2462,2644,2644
2519,3200,3200
2520,1608,1608
2521,2262,2262
2522,2037,2037
2523,4747,4747
2524,1552,1552
2525,1317,1317
2526,2258,2258
2527,118,118
2528,2556,2556
2529,1424,1424
2530,372,372
2531,245,245
2532,1838,1838
2533,1073,1073
2534,1725,1725
2535,493,493
2536,1170,1170
2537,2241,2241
2538,1615,1615
2539,2306,2306
2540,1508,1508
2541,1228,1228
2542,3045,3045
2543,786,786
2544,1065,1065
2557,523,523
2558,1910,1910
2559,1928,1928
2560,2040,2040
2561,1393,1393
2562,1539,1539
2563,759,759
2564,151,151
2565,1321,1321
2566,1102,1102
2567,2217,2217
2568,2647,2647
2569,2012,2012
2570,3277,3277
2571,2115,2115
2572,1618,1618
2636,3622,3622
2637,3522,3522
2638,1984,1984
2639,3233,3233
2640,2296,2296
2641,2036,2036
2642,1244,1244
2643,2085,2085
2644,2674,2674
2645,2430,2430
2646,2105,2105
2647,1064,1064
2648,988,988
2649,2120,2120
2650,563,563
2651,3354,3354
2652,1202,1202
2653,3455,3455
2654,3627,3627
2655,3356,3356
2656,2887,2887
2657,851,851
2658,1917,1917
2659,536,536
2660,1575,1575
2661,2296,2296
2662,2030,2030
2663,2676,2676
2664,1863,1863
2665,1940,1940
2666,1137,1137
2667,1542,1542
2668,1227,1227
2669,1636,1636
2670,700,700
2671,1055,1055
2672,2900,2900
2673,708,708
2674,2111,2111
2675,2153,2153
2676,13,13
2677,1089,1089
2678,730,730
2679,832,832
2680,895,895
2681,1019,1019
2682,1341,1341
2683,1818,1818
2684,2733,2733
2694,854,854
2695,1287,1287
2696,1229,1229
2697,1820,1820
2698,523,523
2699,1258,1258
2700,411,411
2701,969,969
2702,2391,2391
2703,745,745
2704,1572,1572
2705,115,115
2706,1656,1656
2707,2038,2038
2708,3257,3257
2709,1964,1964
2710,2223,2223
2711,1607,1607
2712,1632,1632
2713,1296,1296
2714,2137,2137
2715,3759,3759
2716,3099,3099
2717,1516,1516
2718,1660,1660
2719,1194,1194
2720,2252,2252
2721,1648,1648
2722,968,968
2723,2368,2368
2724,1720,1720
2725,2799,2799
2726,844,844
2727,1647,1647
2751,480,481
2752,937,937
2753,621,621
2754,530,530
2755,621,621
2756,5,5
2757,1533,1533
2758,1813,1813
2759,2770,2770
2760,1394,1394
2761,4168,4168
2762,2019,2019
2763,931,931
2764,1553,1553
2765,2071,2071
2766,3045,3045
2767,1029,1029
2768,1972,1972
2769,1182,1182
2770,1094,1094
2771,896,896
2772,854,854
2773,463,463
2774,556,556
2775,639,639
2776,821,821
2777,819,819
2778,761,761
2779,428,428
2780,371,371
2781,840,840
2782,1493,1493
2783,1672,1672
2784,1337,1337
2785,1068,1068
2786,986,986
2787,738,738
2788,92,92
2789,983,983
2790,1133,1133
2791,1292,1292
2792,1111,1111
2793,1468,1468
2794,841,841
2795,1371,1371
2796,652,652
2797,1568,1568
2798,844,844
2799,2076,2076
2800,801,801
2801,835,835
2802,1735,1735
2803,1771,1771
2804,953,953
2805,1056,1056
2806,2075,2075
2807,1287,1287
2808,1589,1589
2809,655,655
2810,2040,2040
2811,846,846
2812,42,42
2813,17,17
2814,877,877
2815,1007,1007
2816,423,423
2817,431,431
2818,1040,1040
2819,450,450
2820,2312,2312
2821,475,475
2822,766,766
2823,403,403
2824,332,332
2825,527,527
2826,421,421
2827,142,142
2828,103,103
2829,365,365
2830,228,229
2831,723,723
2832,815,815
2833,124,124
2834,1,1
2835,612,612
2836,703,703
2837,376,376
2838,873,873
2839,595,595
2840,2088,2088
2841,2048,2048
2842,999,999
2843,942,942
2844,1897,1897
2845,1555,1555
2846,1699,1699
2847,891,891
2848,1498,1498
2849,1323,1323
2850,944,944
2851,1368,1368
2852,2151,2151
2853,1057,1057
2854,860,860
2855,1181,1181
2856,1521,1521
2857,1211,1211
2858,254,254
2859,577,577
2860,592,592
2861,929,929
2862,611,611
2863,818,818
2864,1458,1458
2865,342,342
2866,1104,1104
2867,1650,1650
2868,1239,1239
2869,1579,1579
2870,1524,1524
2871,1204,1204
2872,744,744
2873,858,858
2874,952,952
2875,883,883
2876,1682,1682
2877,1379,1379
2878,1902,1902
2879,1036,1036
2880,744,744
2881,400,400
2882,272,272
2883,699,699
2884,1208,1208
2885,574,574
2886,904,904
2887,490,490
2888,1296,1296
2889,1265,1265
2890,1068,1068
2891,1009,1009
2892,766,766
2893,601,601
2894,1211,1211
2895,1316,1316
2896,625,625
2897,766,766
2898,713,713
2899,1660,1660
2900,2621,2621
2901,1181,1181
2902,2075,2075
2903,2156,2156
2904,1073,1073
2905,1504,1504
2906,3353,3353
2907,926,926
2908,1140,1140
2909,882,882
2910,1896,1896
2911,1643,1643
2912,1439,1439
2913,679,679
2914,41,41
2915,1246,1246
2916,1653,1653
2917,902,902
2918,982,982
2919,1657,1657
2920,2059,2059
2921,1097,1097
2922,1680,1680
2923,1388,1388
2924,901,901
2925,2074,2074
2926,1764,1764
2927,741,741
2928,1523,1523
2929,392,392
2930,608,608
2931,2978,2978
2932,654,654
2933,110,110
2934,148,148
2935,536,536
2936,1066,1066
2937,1040,1040
2938,410,410
2939,562,562
2940,2111,2111
2941,1694,1694
2942,1255,1255
2943,1777,1777
2944,714,714
2945,438,438
2946,1847,1847
2947,1774,1774
2948,1210,1210
2949,1264,1264
2950,1156,1156
2951,1035,1035
2952,1050,1050
2953,425,425
2954,702,702
2955,917,917
2956,1682,1682
2957,886,886
2958,723,723
2959,635,635
2960,892,892
2961,739,739
2962,461,461
2963,1838,1838
2964,323,323
2965,587,587
2966,181,181
2967,493,493
2968,587,587
2969,207,207
2970,0,0
2971,1768,1768
2972,781,781
2973,593,593
2974,909,909
2975,349,349
2976,687,687
2977,854,854
2978,2331,2331
2979,684,684
2980,1214,1214
2981,290,290
2982,244,244
2983,761,761
2984,457,457
2985,949,949
2986,905,905
2987,811,811
2988,777,777
2989,1759,1759
2990,230,230
2991,816,816
2992,1496,1496
2993,143,143
2994,87,87
2995,1056,1056
2996,891,891
2997,539,539
2998,1000,1000
2999,1506,1506
3000,572,572
3001,2489,2489
3002,1459,1459
3003,1213,1213
3004,2950,2950
3005,1177,1177
3006,540,540
3007,2017,2017
3008,2058,2058
3009,1097,1097
3010,926,926
3011,1003,1003
3012,1469,1469
3013,1502,1502
3014,798,798
3015,1302,1302
3016,832,832
3017,2302,2302
3018,3693,3693
3019,1098,1098
3020,589,589
3021,1463,1463
3022,908,908
3023,2115,2115
3024,764,764
3025,2441,2441
3026,1248,1248
3027,2103,2103
3028,1424,1424
3029,2557,2557
3030,329,329
3031,369,369
3032,1424,1424
3033,900,900
3034,949,949
3035,744,744
3036,419,419
3037,1223,1223
3038,189,189
3039,356,356
3040,1021,1021
3041,1158,1158
3042,1255,1255
3043,126,126
3044,935,935
3045,2018,2018
3046,966,966
3047,1331,1331
3048,522,522
3049,2026,2026
3050,1956,1956
3051,696,696
3052,529,529
3053,2174,2174
3054,2064,2064
3055,1360,1360
3056,816,816
3057,857,857
3058,2809,2809
3059,909,909
3060,1028,1028
3061,2979,2979
3062,1013,1013
3063,2791,2791
3064,1045,1045
3065,647,647
3066,669,669
3067,669,669
3068,941,941
3069,767,767
3070,783,783
3071,635,635
3072,696,696
3073,900,900
3074,1030,1030
3075,26,27
3076,910,911
3077,1279,1279
3078,1498,1498
3079,1351,1351
3080,694,694
3081,1155,1155
3082,1214,1214
3083,372,372
3084,1259,1259
3085,1260,1260
3086,739,739
3087,788,788
3088,1098,1098
3089,2241,2241
3090,1138,1138
3091,1346,1346
3092,2921,2921
3093,1285,1285
3094,409,409
3095,793,793
3096,382,382
3097,1054,1054
3098,937,937
3099,804,804
3100,1068,1068
3101,2259,2259
3102,2065,2065
3103,1866,1866
3104,2518,2518
3105,962,962
3106,862,862
3107,2131,2131
3108,1073,1073
3109,944,944
3110,1314,1314
3111,884,884
3112,972,972
3113,529,529
3114,3327,3327
3115,1365,1365
3116,1765,1765
3117,586,586
3118,431,431
3119,963,963
3120,1536,1536
3121,0,0
3122,50,50
3123,215,215
3124,0,0
3125,0,0
3126,0,0
3127,136,136
3128,540,540
3129,1060,1060
3130,1325,1325
3131,167,167
3132,770,770
3133,1521,1521
3134,762,762
3135,912,912
3136,548,548
3137,562,562
3138,704,704
3139,1060,1060
3140,910,910
3141,1153,1153
3142,815,815
3143,1143,1143
3144,785,785
3145,140,140
3146,603,603
3147,2360,2360
3148,43,43
3149,943,943
3150,2459,2459
3151,857,857
3152,1244,1244
3153,1153,1153
3154,648,648
3155,0,0
3156,783,783
3157,608,608
3158,722,722
3159,947,947
3160,1078,1078
3161,0,0
3162,0,0
3163,652,652
3164,952,952
3165,1154,1154
3166,897,897
3167,530,530
3168,1313,1313
3169,1243,1243
3170,727,727
3171,846,847
3172,1027,1027
3173,634,634
3174,1267,1267
3175,689,689
3176,881,881
3177,630,630
3178,50,50
3179,685,685
3180,596,596
3181,386,386
3182,0,0
3183,447,447
3184,1052,1052
3185,416,416
3186,1022,1022
3187,815,815
3188,660,660
3189,262,262
3190,0,0
3191,184,184
3192,0,0
3193,74,74
3194,56,56
3195,806,806
3196,0,0
3197,0,0
3198,743,743
3199,954,954
3200,1531,1531
3201,1096,1096
3202,2371,2371
3203,1334,1334
3204,1040,1040
3205,869,869
3206,718,718
3207,495,495
3208,639,639
3209,884,884
3210,857,857
3211,657,657
3212,1079,1079
3213,796,796
3214,694,694
3215,1093,1093
3216,827,827
3217,712,712
3218,625,625
3219,577,577
3220,814,814
3221,776,776
3222,1313,1313
3223,709,709
3224,1191,1191
3225,1326,1326
3226,739,739
3227,1222,1222
3228,1803,1803
3229,445,445
3230,1140,1140
3231,1087,1087
3232,894,894
3233,0,0
3234,17,17
3235,756,756
3236,591,591
3237,1623,1623
3238,725,725
3239,1131,1131
3240,798,798
3241,543,543
3242,1331,1331
3243,0,0
3244,724,724
3245,136,136
3246,337,337
3247,203,203
3248,85,85
3249,1710,1710
3250,75,75
3251,282,282
3252,516,516
3253,758,758
3254,1308,1308
3255,376,376
3256,613,613
3257,1046,1046
3258,6,6
3259,754,754
3260,30,30
3261,544,544
3262,198,198
3263,43,43
3264,1218,1218
3265,557,557
3266,602,602
3267,0,0
3268,348,348
3271,3246,3246
3272,2796,2796
3273,1234,1234
3274,2149,2149
3275,2406,2406
3276,1618,1618
3277,935,935
3278,1582,1582
3279,2318,2318
3280,1488,1488
3281,2073,2073
3282,1290,1290
3283,1051,1051
3284,951,951
3285,1307,1307
3286,1921,1921
3287,1438,1438
3288,1843,1843
3289,1632,1632
3290,1682,1682
3291,1736,1736
3292,2800,2800
3293,1456,1456
3294,1323,1323
3295,812,812
3296,1794,1794
3297,1330,1330
3298,1169,1169
3299,2258,2258
3300,1258,1258
3301,657,657
3302,1960,1960
3303,1595,1595
3304,2334,2334
3305,2721,2721
3306,1386,1386
3307,2046,2046
3308,1037,1037
3309,1003,1003
3310,1169,1169
3311,2071,2071
3312,2108,2108
3313,1178,1178
3314,1707,1707
3315,1510,1510
3316,2152,2152
3317,888,888
3318,842,842
3319,1915,1915
3320,1847,1847
3321,2497,2497
3322,1839,1839
3323,1959,1959
3324,1448,1448
3325,1829,1829
3326,1782,1782
3327,975,975
3328,1042,1042
3329,1119,1119
3330,1107,1107
3331,632,632
3332,880,880
3333,664,664
3334,796,796
3335,1233,1233
3336,1145,1145
3337,1020,1020
3338,1886,1886
3339,2091,2091
3340,1267,1267
3341,1281,1281
3342,1530,1530
3343,928,928
3344,1210,1210
3345,1375,1375
3346,1303,1303
3347,3394,3394
3348,1172,1172
3349,2544,2544
3350,1875,1875
3351,1641,1641
3352,1725,1725
3353,1485,1485
3354,2967,2967
3355,1242,1242
3356,1220,1220
3357,1250,1250
3358,973,973
3359,1424,1424
3360,2281,2281
3361,1117,1117
3362,668,668
3363,654,654
3364,876,876
3365,898,898
3366,1171,1171
3367,971,971
3368,840,840
3369,1043,1043
3370,1034,1034
3371,1182,1182
3372,721,721
3373,1066,1066
3374,1160,1160
3375,2500,2500
3376,2038,2038
3377,1321,1321
3378,1628,1628
3379,1344,1344
3380,1170,1170
3381,1056,1056
3382,724,724
3383,856,856
3384,1425,1425
3385,929,929
3386,637,637
3387,1861,1861
3388,1098,1098
3389,988,988
3390,1331,1331
3391,853,853
3392,663,663
3393,2250,2250
3394,1884,1884
4001,1833,1833
4002,2091,2091
4003,1179,1179
4004,2051,2051
4005,1185,1185
4006,1364,1364
4007,986,986
4008,1427,1427
4009,1560,1560
4010,2767,2767
4011,1129,1129
4012,2059,2059
4013,1850,1850
4014,1703,1703
4015,2780,2780
4016,1805,1805
4017,2770,2770
4018,2277,2277
4019,826,826
4020,2177,2177
4021,2887,2887
4022,1890,1890
4023,1619,1619
4024,1048,1048
4025,2410,2410
4026,1080,1080
4027,2442,2442
4028,1226,1226
4029,2997,2997
4030,2180,2180
4031,1768,1768
4032,1805,1805
4033,1539,1539
4034,1215,1215
4035,1535,1535
4036,2006,2006
4037,1757,1757
4038,1903,1903
4039,2154,2154
4040,1658,1658
4041,2059,2059
4042,1712,1712
4043,2453,2453
4044,1916,1916
4045,662,662
4046,1750,1750
4047,946,946
4048,1161,1161
4049,1332,1332
4050,1469,1469
4051,1328,1328
4052,1915,1915
4053,1508,1508
4054,2073,2073
4055,2399,2399
4056,2888,2888
4057,1796,1796
4058,2149,2149
4059,2442,2442
4060,2466,2466
4061,2110,2110
4062,1095,1095
4063,1487,1487
4064,1423,1423
4065,925,925
4066,2156,2156
4067,1951,1951
4068,2693,2693
4069,1767,1767
4070,1290,1290
4071,840,840
4072,1056,1056
4073,1495,1495
4074,1761,1761
4075,2428,2428
4076,853,853
4077,2002,2002
4078,1070,1070
4079,855,855
4080,1220,1220
4081,1056,1056
4082,1041,1041
4083,2023,2023
4084,842,842
4085,937,937
4086,3361,3361
4087,2283,2283
4088,3750,3750
4089,1170,1170
4090,1394,1394
4091,1537,1537
4092,1684,1684
4093,1634,1634
4094,955,955
4095,635,635
4096,1430,1430
4097,1108,1108
4098,1642,1642
4099,1214,1214
4100,1109,1109
4101,1223,1223
4102,768,768
4103,1308,1308
4104,1497,1497
4105,2045,2045
4106,1806,1806
4107,1715,1715
4108,1662,1662
4109,1497,1497
4110,1177,1177
4111,1822,1822
4112,975,975
4113,1518,1518
4114,1025,1025
4115,1412,1412
4116,1221,1221
4117,1656,1656
4118,1809,1809
4119,1785,1785
4120,2693,2693
4121,1366,1366
4122,2293,2293
4123,1227,1227
4124,1251,1251
4125,1167,1167
4126,815,815
4127,722,722
4128,887,887
4129,1699,1699
4130,1194,1194
4131,1736,1736
4132,1978,1978
4133,1171,1171
4134,1102,1102
4135,2448,2448
4136,3042,3042
4137,3274,3274
4138,1589,1589
4139,1255,1255
4140,1110,1110
4141,869,869
4142,644,644
4143,1268,1268
4144,1467,1467
4145,1067,1067
4146,626,626
4147,1113,1113
4148,1714,1714
4149,1434,1434
4150,1471,1471
4151,1032,1032
4152,1190,1190
4153,651,651
4154,932,932
4155,1099,1099
4156,812,812
4157,750,750
4158,856,856
4159,1094,1094
4160,1653,1653
4161,941,941
4162,1021,1021
4163,1478,1478
4164,1010,1010
4165,1526,1526
4166,764,764
4167,610,610
4168,1230,1230
4169,1222,1222
4170,1361,1361
4171,500,500
4172,1471,1471
4173,1240,1240
4174,1249,1249
4175,611,611
4176,780,780
4177,827,827
4178,812,812
4179,1095,1095
4180,617,617
4181,1621,1621
4182,1182,1182
4183,836,836
4184,1221,1221
4185,978,978
4186,1244,1244
4187,1047,1047
4188,575,575
4189,881,881
4190,1130,1130
4191,1337,1337
4192,1064,1064
4193,1052,1052
4194,1271,1271
4195,609,609
4196,1267,1267
4197,1078,1078
4198,2142,2142
4199,1051,1051
4200,495,495
4201,513,513
4202,978,978
4203,1297,1297
4204,631,631
4205,882,882
4206,1761,1761
4207,2394,2394
4208,1172,1172
4209,578,578
4210,1089,1089
4211,1036,1036
4212,990,990
4213,766,766
4214,1075,1075
4215,1120,1120
4216,992,992
4217,756,756
4218,1012,1012
4219,1510,1510
4220,3007,3007
4221,1818,1818
4222,1498,1498
4223,2512,2512
4224,2590,2590
4225,2467,2467
4226,1300,1300
4227,908,908
4228,1975,1975
4229,1315,1315
4230,916,916
4231,866,866
4232,691,691
4233,2630,2630
4234,1542,1542
4235,3318,3318
4236,976,976
4237,1091,1091
4238,2162,2162
4239,2689,2689
4240,766,766
4241,1089,1089
4242,2549,2549
4243,1411,1411
4244,2307,2307
4245,2285,2285
4246,2020,2020
4247,1299,1299
4248,825,825
4249,1747,1747
4250,1936,1936
4251,1668,1668
4252,2149,2149
4253,1364,1364
4254,2014,2014
4255,1501,1501
4256,1093,1093
4257,1067,1067
4258,756,756
4259,2142,2142
4260,715,715
4261,772,772
4262,1108,1108
4263,709,709
4264,810,810
4265,1316,1316
4266,960,960
4267,687,687
4268,658,658
4269,1142,1142
4270,1341,1341
4271,1322,1322
4272,767,767
4273,670,670
4274,1119,1119
4275,1464,1464
4276,970,970
4277,795,795
4278,935,935
4279,951,951
4280,799,799
4281,1151,1151
4282,917,917
4283,2865,2865
4284,1970,1970
4285,1863,1863
4286,1061,1061
4287,1325,1325
4288,923,923
4289,808,808
4290,733,733
4291,1335,1335
4292,1161,1161
4293,1066,1066
4294,1168,1168
4295,737,737
4296,701,701
4297,609,609
4298,906,906
4299,604,604
4300,564,564
4301,1041,1041
4302,780,780
4303,1011,1011
4304,959,959
4305,1112,1112
4306,843,843
4307,1140,1140
4308,1037,1037
4309,708,708
4310,683,683
4311,1259,1259
4312,629,629
4313,887,887
4314,1160,1160
4315,698,698
4316,838,838
4317,1279,1279
4318,1089,1089
4319,979,979
4320,768,768
4321,1018,1018
4322,1044,1044
4323,808,808
4324,1392,1392
4325,1272,1272
4326,1179,1179
4327,1410,1410
4328,1295,1295
4329,1548,1548
4330,888,888
4331,1070,1070
4332,1027,1027
4333,777,777
4334,1153,1153
4335,1113,1113
4336,1011,1011
4337,1059,1059
4338,1363,1363
4339,2760,2760
4340,1482,1482
4341,2204,2204
4342,3177,3177
4343,1251,1251
4344,1458,1458
4345,1472,1472
4346,824,824
4347,3214,3214
4348,1442,1442
4349,552,552
4350,1300,1300
4351,799,799
4352,964,964
4353,1110,1110
4354,2095,2095
4355,1795,1795
4356,627,627
4357,1792,1792
4358,2702,2702
4359,859,859
4360,1221,1221
4361,1307,1307
4362,1402,1402
4363,2238,2238
4364,585,585
4365,1178,1178
4366,1074,1074
4367,720,720
4368,735,735
4369,708,708
4370,1421,1421
4371,871,871
4372,1025,1025
4373,1329,1329
4374,955,955
4375,780,780
4376,852,852
4377,5506,5506
4378,1004,1004
4379,2287,2287
4380,1219,1219
4381,1870,1870
4382,1884,1884
4383,1153,1153
4384,1326,1326
4385,1304,1304
4386,2570,2570
4387,2439,2439
4388,1810,1810
4389,1894,1894
4390,2150,2150
4391,1188,1188
4392,1758,1758
4393,2356,2356
4394,2059,2059
4395,954,954
4396,2552,2552
4397,2062,2062
4398,2288,2288
4399,1768,1768
4400,1314,1314
4401,1399,1399
4402,662,662
4403,1494,1494
4404,1660,1660
4405,790,790
4406,1243,1243
4407,1581,1581
4408,1709,1709
4409,1096,1096
4410,1781,1781
4411,1225,1225
4412,1171,1171
4413,1703,1703
4414,1487,1487
4415,789,789
4416,2413,2413
4417,1757,1757
4418,635,635
4419,1666,1666
4420,1426,1426
4421,1942,1942
4422,1573,1573
4423,761,761
4424,1016,1016
4425,1063,1063
4426,783,783
4427,827,827
4428,746,746
4429,1556,1556
4430,1382,1382
4431,686,686
4432,827,827
4433,1099,1099
4434,569,569
4435,1393,1393
4436,1471,1471
4437,1503,1503
4438,899,899
4439,877,877
4440,927,927
4441,701,701
4601,660,660
4602,697,697
4603,1179,1179
4604,911,911
4605,520,520
4606,1047,1047
4607,844,844
4608,1621,1621
4609,1033,1033
4610,865,865
4611,683,683
4612,698,698
4613,923,923
4614,584,584
4615,1369,1369
4616,811,811
4617,1505,1505
4618,874,874
4619,764,764
4620,1873,1873
4621,836,836
4622,751,751
4623,1748,1748
4624,1371,1371
4625,1138,1138
4626,616,616
4627,2199,2199
4628,864,864
4629,938,938
4630,1624,1624
4631,1951,1951
4632,1150,1150
4633,1139,1139
4634,1012,1012
4635,911,911
4636,2257,2257
4637,685,685
4638,1752,1752
4639,2292,2292
4640,1117,1117
4641,1029,1029
4642,506,506
4643,1157,1157
4644,2474,2474
4645,1141,1141
4646,1117,1117
4647,2828,2828
4648,2389,2389
4649,2174,2174
4650,2516,2516
4651,1197,1197
4652,1858,1858
4653,1722,1722
4654,1236,1236
4655,882,882
4656,2538,2538
4657,1341,1341
4658,961,961
4659,2839,2839
4660,2243,2243
4661,961,961
4662,791,791
4663,2409,2409
4664,1222,1222
4665,551,551
4666,1362,1362
4667,831,831
4668,716,716
4669,843,843
4670,672,672
4671,1807,1807
4672,510,510
4673,896,896
4674,1349,1349
4675,747,747
4676,1095,1095
4677,603,603
4678,2180,2180
4679,1211,1211
4680,2568,2568
4681,1078,1078
4682,716,716
4683,1124,1124
4684,1075,1075
4685,1279,1279
4686,1411,1411
4687,988,988
4688,1740,1740
4689,772,772
4690,556,556
4691,1766,1766
4692,870,870
4693,494,494
4694,1395,1395
4695,1398,1398
4696,1152,1152
4697,915,915
4698,1865,1865
4699,1298,1298
4700,1389,1389
4701,638,638
4702,1263,1263
4703,1015,1015
4704,760,760
4705,1623,1623
4706,826,826
4707,731,731
4708,885,885
4709,1221,1221
4710,993,993
4711,1403,1403
4712,1255,1255
4713,1707,1707
4714,843,843
4715,822,822
4716,1375,1375
4717,1028,1028
4718,1321,1321
4719,1826,1826
4720,1043,1043
4721,837,837
4722,594,594
4723,673,673
4724,502,502
4725,810,810
4726,1114,1114
4727,523,523
4728,1149,1149
4729,766,766
4730,742,742
4731,1066,1066
4732,794,794
4733,1513,1513
4734,582,582
4735,638,638
4736,818,818
4737,1125,1125
4738,614,614
4739,427,427
4740,930,930
4741,837,837
4742,752,752
4743,633,633
4744,979,979
4745,1126,1126
4746,758,758
4747,1233,1233
4748,918,918
4749,920,920
4750,840,840
4751,639,639
4752,747,747
4753,491,491
4754,1138,1138
4755,1439,1439
4756,1583,1583
4757,1112,1112
4758,1200,1200
4759,1259,1259
4760,1385,1385
4761,1531,1531
4762,807,807
4763,867,867
4764,615,615
4765,695,695
4766,2172,2172
4767,669,669
4768,2016,2016
4769,863,863
4770,768,768
4771,429,429
4772,1480,1480
4773,1220,1220
4774,639,639
4775,741,741
4776,834,834
4777,612,612
4778,676,676
4779,1080,1080
4780,792,792
4781,1101,1101
4782,529,529
4783,1362,1362
4784,702,702
4785,711,711
4786,1070,1070
4787,613,613
4788,763,763
4789,603,603
4790,494,494
4791,516,516
4792,600,600
4793,787,787
4794,569,569
4795,613,613
4901,1294,1294
4902,2202,2202
4903,891,891
4904,457,457
4905,1810,1810
4906,376,376
4907,311,311
4908,392,392
4909,409,409
4910,179,179
4911,75,75
4912,813,813
4913,294,294
4914,637,637
4915,702,702
4916,688,688
4917,924,924
4918,1341,1341
4919,853,853
4920,1887,1887
5001,494,494
5002,342,342
5003,881,881
5004,1405,1405
5005,642,642
5006,1435,1435
5007,1330,1330
5008,699,699
5009,1423,1423
5010,999,999
5011,522,522
5201,2214,2214
5202,1672,1672
5203,1570,1570
5204,1476,1476
5205,323,323
5206,758,758
5207,233,233
5208,1790,1790
5209,1112,1112
5210,1293,1293
5211,1275,1275
5212,1395,1395
5213,2807,2807
5214,944,944
5215,654,654
5216,2498,2498
5217,2493,2493
5218,3335,3335
5219,3393,3393
5220,2767,2767
5221,1321,1321
5222,452,452
5223,960,960
5224,1054,1054
5225,1566,1566
5226,1233,1233
5227,485,485
5228,1775,1775
5229,1969,1969
5230,1903,1903
5231,1135,1135
5232,648,648
5233,957,957
5234,901,901
5235,838,838
5236,872,872
5237,1279,1279
5238,1337,1337
5239,1375,1375
5240,1222,1222
5241,1677,1677
5242,1672,1672
5243,1068,1068
5244,1707,1707
5245,1932,1932
5246,1844,1844
5247,1419,1419
5248,1917,1917
5249,161,161
5250,1213,1213
5251,2969,2969
5252,2047,2047
5253,1452,1452
5254,950,950
5255,1948,1948
5256,971,971
5257,857,857
5258,1203,1203
5259,2370,2370
5260,1220,1220
5261,736,736
5262,1552,1552
5263,646,646
5264,867,867
5265,1487,1487
5266,481,481
5267,1016,1016
5268,1535,1535
5269,2236,2236
5270,1095,1095
5271,532,532
5272,1016,1016
5273,0,0
5274,2413,2413
5275,820,820
5276,4,4
5277,1340,1340
5278,717,717
5279,1109,1109
5280,1361,1361
5281,1426,1426
5282,1114,1114
5283,973,973
5284,1529,1529
5285,1415,1415
5286,2056,2056
5287,1503,1503
5288,721,721
5289,1654,1654
5290,698,698
5291,883,883
5292,578,578
5293,2346,2346
5294,893,893
5295,2175,2175
5296,781,781
5297,508,508
5298,518,518
5299,910,910
5300,1159,1159
5301,215,215
5302,1182,1182
5303,1431,1431
5304,1303,1303
5305,1406,1406
5306,776,776
5307,1547,1547
5308,1483,1483
5309,689,689
5310,2215,2215
5311,714,714
5312,1073,1073
5313,869,869
5314,703,703
5315,755,755
5316,836,836
5317,1202,1202
5318,624,624
5319,2233,2233
5320,2086,2086
5321,2199,2199
5322,2453,2453
5323,1293,1293
5324,957,957
5325,772,772
5326,886,886
5327,2879,2879
5328,1515,1515
5329,808,808
5330,1155,1155
5331,956,956
5332,1525,1525
5333,1144,1144
5334,1716,1716
5335,2119,2119
5336,918,918
5337,366,366
5338,1529,1529
5339,2209,2209
5340,2187,2187
5341,809,809
5342,439,439
5343,2779,2779
5344,2037,2037
5345,1165,1165
5346,845,845
5347,1596,1596
5348,1601,1601
5349,2258,2258
5350,2447,2447
5351,2332,2332
5352,817,817
5353,1510,1510
5354,2470,2470
5355,2949,2949
5356,1711,1711
5357,2277,2277
5358,1979,1979
5359,2423,2423
5360,1728,1728
5361,819,819
5362,2122,2122
5363,2701,2701
5364,2110,2110
5365,915,915
5366,1673,1673
5367,1439,1439
5368,556,556
5369,721,721
5370,1677,1677
5371,2593,2593
5372,1218,1218
5373,1257,1257
5374,1270,1270
5375,604,604
5376,1590,1590
5377,1330,1330
5378,2367,2367
5379,969,969
5380,1513,1513
5381,1594,1594
5382,1053,1053
5383,1799,1799
5384,1800,1800
5385,862,862
5386,1497,1497
5387,1008,1008
5388,1141,1141
5389,785,785
5390,2082,2082
5391,736,736
5392,1268,1268
5393,615,615
5394,1162,1162
5395,817,817
5396,581,581
5397,979,979
5398,2245,2245
5399,758,758
5400,961,961
5401,876,876
5402,1428,1428
5403,553,553
5404,1607,1607
5405,2430,2430
5406,579,579
5407,491,491
5408,231,231
5409,1804,1804
5410,2349,2349
5411,1227,1227
5412,1070,1070
5413,1104,1104
5414,643,643
5415,917,917
5416,1112,1112
5417,1405,1405
5418,1387,1387
5419,787,787
5420,1097,1097
5421,1118,1118
5422,754,754
5423,633,633
5424,899,899
5425,1303,1303
5426,249,249
5427,1962,1962
5428,1785,1785
5429,1873,1873
5430,861,861
5431,1196,1196
5432,1406,1406
5433,1061,1061
5434,2227,2227
5435,1902,1902
5436,2037,2037
5437,2448,2448
5438,1278,1278
5439,1494,1494
5440,821,821
5441,2610,2610
5442,1285,1285
5443,2442,2442
5444,1636,1636
5445,1522,1522
5446,2663,2663
5447,1096,1096
5448,1121,1121
5449,126,126
5450,1057,1057
5451,2917,2917
5452,2600,2600
5453,2152,2152
5454,1132,1132
5455,3006,3006
5456,986,986
5457,2602,2602
5458,2635,2635
5459,1876,1876
5460,1218,1218
5461,655,655
5462,1164,1164
5463,0,0
5464,1010,1010
5465,1145,1145
5466,1849,1849
5467,1038,1038
5468,2160,2160
5469,2401,2401
5470,1167,1167
5471,2886,2886
5472,1163,1163
5473,1446,1446
5474,923,923
5475,1405,1405
5476,379,379
5477,1333,1333
5478,659,659
5479,1732,1732
5480,1536,1536
5481,1527,1527
5482,827,827
5483,1577,1577
5484,678,678
5485,806,806
5486,2657,2657
5487,1058,1058
5488,1023,1023
5489,1129,1129
5490,752,752
5491,1274,1274
5492,1015,1015
5493,1380,1380
5494,1396,1396
5495,1805,1805
5496,714,714
5497,698,698
5498,737,737
5499,1291,1291
5500,2403,2403
5501,1613,1613
5502,1252,1252
5503,1156,1156
5504,1152,1152
5505,821,821
5506,1275,1275
5507,1456,1456
5508,1031,1031
5509,762,762
5510,971,971
5511,1036,1036
5512,1494,1494
5513,1277,1277
5514,1960,1960
5515,980,980
5516,815,815
5517,2125,2125
5518,2789,2789
5519,938,938
5520,1301,1301
5521,1972,1972
5522,1427,1427
5523,1258,1258
5524,1195,1195
5525,878,878
5526,1224,1224
5527,761,761
5528,1391,1391
5529,1319,1319
5530,1258,1258
5531,799,799
5532,196,196
5533,1068,1068
5534,1654,1654
5535,927,927
5536,994,994
5537,1038,1038
5538,740,740
5539,712,712
5540,795,795
5541,710,710
5542,1270,1270
5543,675,675
5544,2013,2013
5545,1472,1472
5546,1364,1364
5547,1634,1634
5548,891,891
5549,1858,1858
5550,1408,1408
5551,885,885
5552,1155,1155
5553,640,640
5554,1113,1113
5555,1263,1263
5556,2101,2101
5557,1029,1029
5558,902,902
5559,1004,1004
5560,1331,1331
5561,862,862
5562,1031,1031
5563,1153,1153
5564,636,636
5565,1278,1278
5566,1042,1042
5567,1394,1394
5568,1063,1063
5569,988,988
5570,2469,2469
5571,1162,1162
5572,987,987
5573,839,839
5574,1159,1159
5575,664,664
5576,1503,1503
5577,574,574
5578,816,816
5579,1308,1308
5580,1667,1667
5581,742,742
5582,1114,1114
5583,927,927
5584,976,976
5585,948,948
5586,1233,1233
5587,1393,1393
5588,1293,1293
5589,1368,1368
5590,1049,1049
5591,702,702
5592,983,983
5593,1427,1427
5594,893,893
5595,666,666
5596,2398,2398
5597,1426,1426
5598,648,648
5599,1043,1043
5600,1087,1087
5601,1007,1007
5602,912,912
5603,826,826
5604,1078,1078
5605,1881,1881
5606,1610,1610
5607,1906,1906
5608,1332,1332
5609,1445,1445
5610,1392,1392
5611,1128,1128
5612,1939,1939
5613,1526,1526
5614,996,996
5615,1116,1116
5616,1681,1681
5617,1340,1340
5618,1387,1387
5619,1719,1719
5620,1450,1450
5621,1709,1709
5622,1889,1889
5623,1321,1321
5624,2464,2464
5625,778,778
5626,1160,1160
5627,1368,1368
5628,718,718
5629,2127,2127
5630,670,670
5631,2372,2372
5632,1247,1247
5633,1419,1419
5634,946,946
5635,1158,1158
5636,1388,1388
5637,1347,1347
5638,973,973
5639,5791,5791
5640,1401,1401
5641,1271,1271
5642,1173,1173
5643,941,941
5644,1075,1075
5645,6288,6288
5646,766,766
5647,1932,1932
5648,1771,1771
5649,1582,1582
5650,2027,2027
5651,1838,1838
5652,1165,1165
5653,1316,1316
5654,1091,1091
5655,932,932
5656,499,499
5657,789,789
5658,857,857
5659,1063,1063
5660,1890,1890
5661,1004,1004
5662,83,83
5801,1002,1002
5802,893,893
5803,879,879
5804,870,870
5805,1393,1393
5806,701,701
5807,1391,1391
5808,1182,1182
5809,1851,1851
5810,1195,1195
5811,742,742
5812,1248,1248
5813,1083,1083
5814,1822,1822
5815,893,893
5816,1018,1018
5817,937,937
5818,1220,1220
5819,897,897
5820,1379,1379
5821,1251,1251
5822,1267,1267
5823,578,578
5824,1609,1609
5825,971,971
5826,1500,1500
5827,1079,1079
5828,1062,1062
5829,1338,1338
5830,1332,1332
5831,998,998
5832,941,941
5833,1049,1049
5834,771,771
5835,820,820
5836,990,990
5837,1694,1694
5838,814,814
5839,1771,1771
5840,1421,1421
5841,613,613
5842,1029,1029
5843,1317,1317
5844,1622,1622
5845,745,745
5846,848,848
5847,654,654
5848,1897,1897
5849,1229,1229
5850,963,963
5851,1372,1372
5852,1017,1017
5853,767,767
5854,846,846
5855,1045,1045
5856,1496,1496
5857,1569,1569
5858,853,853
5859,965,965
5860,1393,1393
5861,2207,2207
5862,1073,1073
6001,614,614
6002,2307,2307
6003,680,680
6004,892,892
6005,780,780
6006,919,919
6007,717,717
6008,1065,1065
6009,636,636
6010,659,659
6011,228,228
6012,494,494
6013,327,327
6014,1140,1140
6015,1128,1128
6016,961,961
6017,931,931
6018,979,979
6019,915,915
6020,752,752
6021,1155,1155
6022,1057,1057
6023,441,441
6024,988,988
6025,435,435
6026,834,834
6027,643,643
6028,872,872
6029,676,676
6030,608,608
6031,718,718
6032,847,847
6033,1005,1005
6034,994,994
6035,823,823
6036,717,717
6037,858,858
6038,1130,1130
6039,990,990
6040,1046,1046
6041,861,861
6042,644,644
6043,649,649
6044,480,480
6045,1039,1039
6046,1323,1323
6047,1239,1239
6048,932,932
6049,1390,1390
6050,480,480
6051,1117,1117
6052,815,815
6053,1153,1153
6054,1292,1292
6055,603,603
6056,931,931
6057,1053,1053
6058,538,538
6059,1751,1751
6060,692,692
6061,963,963
6062,680,680
6063,640,640
6064,1057,1057
6065,1538,1538
6066,899,899
6067,1395,1395
6068,1042,1042
6069,808,808
6070,1392,1392
6071,581,581
6072,720,720
6073,699,699
6074,814,814
6075,985,985
6076,1213,1213
6077,548,548
6078,754,754
6079,1033,1033
6080,1305,1305
6081,1015,1015
6082,578,578
6083,708,708
6084,874,874
6085,1375,1375
6086,520,520
6087,1250,1250
6088,930,930
6089,1104,1104
6090,1257,1257
6091,799,799
6092,1031,1031
6093,786,786
6094,689,689
6095,1190,1190
6096,2081,2081
6097,1207,1207
6098,786,786
6099,961,961
6100,1007,1007
6101,695,695
6102,1280,1280
6103,683,683
6104,1134,1134
6105,651,651
6106,624,624
6107,882,882
6108,729,729
6109,639,639
6110,1529,1529
6111,1724,1724
6112,933,933
6113,1112,1112
6114,470,470
6115,658,658
6116,917,917
6117,641,641
6118,786,786
6119,658,658
6120,877,877
6121,586,586
6122,1099,1099
6123,892,892
6124,2121,2121
6125,922,922
6126,1678,1678
6127,554,554
6128,554,554
6129,729,729
6130,537,537
6131,779,779
6132,1071,1071
6133,637,637
6134,758,758
6135,605,605
6136,889,889
6137,1198,1198
6138,710,710
6139,2059,2059
6140,1127,1127
6141,558,558
6142,793,793
6143,584,584
