TAZ,population
1,727
2,14
3,322
4,186
5,1669
6,2138
7,704
8,1303
9,1320
10,1370
11,1627
12,288
13,967
14,201
15,0
16,0
17,396
18,243
19,0
20,0
21,3730
22,0
23,4
24,346
25,1941
26,1132
27,2525
28,2249
29,94
30,1012
31,169
32,93
33,127
34,758
35,0
36,300
37,25
38,0
39,196
40,35
41,2
42,548
43,0
44,0
45,3
46,42
47,23
48,0
49,0
50,174
51,13
52,18
53,0
54,0
55,35
56,0
57,0
58,0
59,0
60,0
61,315
62,1995
63,102
64,128
65,96
66,16
67,0
68,0
69,451
70,183
71,0
72,199
73,287
74,1644
75,406
76,801
77,819
78,934
79,196
80,6
81,517
82,435
83,1872
84,1839
85,2114
86,2047
87,544
88,426
89,153
90,110
91,311
92,2056
93,180
94,658
95,260
96,0
97,18
98,0
99,0
100,0
101,378
102,285
103,75
104,108
105,139
106,1146
107,3251
108,422
109,531
110,2109
111,202
112,2159
113,149
114,1651
115,72
116,2666
117,1472
118,571
119,2102
120,1939
121,847
122,2308
123,2225
124,1666
125,911
126,153
127,1194
128,485
129,334
130,0
131,1512
132,0
133,224
134,2374
135,0
136,305
137,70
138,0
139,702
140,2
141,0
142,207
143,14
144,0
145,523
146,0
147,763
148,0
149,0
150,66
151,1054
152,2924
153,1427
154,1203
155,2683
156,2722
157,289
158,338
159,0
160,2081
161,1807
162,2605
163,2165
164,2676
165,3106
166,1375
167,2581
168,32
169,2347
170,1735
171,1326
172,1524
173,1327
174,1049
175,4474
176,587
177,3316
178,3526
179,2069
180,4526
181,1983
182,0
183,389
184,0
185,0
186,2356
187,2050
188,2396
189,1733
190,0
191,1763
192,239
193,844
194,1167
195,39
196,3226
197,3130
198,1190
199,1085
200,2121
201,2900
202,0
203,0
204,0
205,485
206,13
207,2651
208,2507
209,2088
210,3736
211,1407
212,2005
213,2542
214,818
215,2089
216,1767
217,1402
218,3061
219,1684
220,3740
221,1606
222,102
223,370
224,1675
225,2028
226,1079
227,1676
228,0
229,1406
230,1589
231,2340
232,2851
233,1905
234,1548
235,1929
236,1483
237,1308
238,0
239,139
240,1656
241,260
242,1614
243,2858
244,3069
245,112
246,0
247,1072
248,1218
249,2250
250,876
251,765
252,2716
253,75
254,1005
255,1144
256,2122
257,1487
258,2345
259,1202
260,1876
261,1204
262,93
263,0
264,694
265,1194
266,2094
267,747
268,859
269,1423
270,1552
271,2018
272,1465
273,2353
274,177
275,916
276,2806
277,771
278,2446
279,1644
280,1411
281,0
282,1633
283,3
284,1
285,214
286,27
287,0
288,1124
289,1024
290,1140
291,2496
292,2006
293,2636
294,3908
295,166
296,2614
297,768
298,509
299,1588
300,1307
301,2130
302,1785
303,2331
304,2331
305,2474
306,2049
307,1763
308,1865
309,2948
310,247
311,1802
312,3112
313,3458
314,1790
315,2
316,444
317,2401
318,96
319,1905
320,1319
321,393
322,586
323,3045
324,431
325,1978
326,1674
327,1513
328,2441
329,2830
330,3095
331,1672
332,1540
333,2976
334,2554
335,2010
336,1742
337,1749
338,3142
339,2270
340,3478
341,2781
342,2855
343,2397
344,3063
345,1841
346,2
347,451
348,1905
349,342
350,1692
351,400
352,1759
353,2052
354,3920
355,0
356,3136
357,0
358,594
359,0
360,1349
361,2460
362,2472
363,1201
364,3146
365,2956
366,3452
367,2600
368,2474
369,3682
370,4328
371,3742
372,2027
373,2893
374,1662
375,1687
376,930
377,691
378,729
379,3283
380,2527
381,1646
382,2114
383,3246
384,2452
385,2403
386,2330
387,668
388,2787
389,3513
390,2300
391,2057
392,2827
393,2337
394,2237
395,1672
396,0
397,2
398,533
399,0
400,3030
401,1782
402,1545
403,2294
404,3055
405,3155
406,2507
407,754
408,2735
409,3001
410,3087
411,1783
412,2064
413,3486
414,2463
415,3011
416,3646
417,2138
418,3228
419,2372
420,1643
421,2057
422,3872
423,2577
424,2230
425,2540
426,2870
427,3732
428,2219
429,1242
430,2086
431,3495
432,3938
433,1790
434,2556
435,1892
436,1912
437,358
438,2522
439,2515
440,1895
441,2361
442,1721
443,2012
444,2802
445,547
446,307
447,2015
448,2270
449,1903
450,3420
451,2732
452,2457
453,1532
454,3183
455,391
456,493
457,2849
458,984
459,1989
460,2303
461,2903
462,1723
463,1955
464,393
465,0
466,0
467,278
468,1359
469,1776
470,1214
471,2474
472,2123
473,13
474,3150
475,2056
476,2181
477,2569
478,3668
479,2049
480,1447
481,510
482,2045
483,4128
484,855
485,117
486,370
487,1934
488,2801
489,2276
490,3456
491,4293
492,1957
493,2333
494,2192
495,2342
496,3294
497,2232
498,2766
499,980
500,1264
501,2445
502,1010
503,905
504,338
505,1512
506,4144
507,2878
508,3708
509,2275
510,1763
511,2882
512,2111
513,2628
514,2214
515,3878
516,3435
517,1236
518,2493
519,2257
520,1106
521,1857
522,1836
523,1965
524,2971
525,3888
526,2865
527,12
528,0
529,2479
530,1114
531,1938
532,1577
533,3220
534,2113
535,2709
536,2882
537,886
538,3202
539,1561
540,1289
541,727
542,2158
543,2582
544,1907
545,2368
546,2692
547,2078
548,1012
549,2457
550,3472
551,590
552,1979
553,2622
554,1338
555,1949
556,2352
557,1786
558,1540
559,1096
560,181
561,1632
562,1772
563,0
564,0
565,517
566,3769
567,2678
568,2581
569,2594
570,2857
571,3723
572,1701
573,2060
574,2316
575,2890
576,2232
577,2358
578,1589
579,0
580,286
581,182
582,668
583,1009
584,2924
585,1774
586,1861
587,1883
588,1935
589,2370
590,1512
591,1334
592,0
593,0
594,0
595,0
596,1210
597,1586
598,2180
599,2119
600,3339
601,2244
602,2341
603,923
604,281
605,2071
606,2162
607,3117
608,740
609,201
610,2173
611,1929
612,1585
613,3085
614,2947
615,3387
616,2012
617,1302
618,1783
619,1629
620,2697
621,2821
622,2281
623,1990
624,1881
625,1654
626,247
627,208
628,250
629,884
630,674
631,571
632,1642
633,172
634,952
635,410
636,245
637,430
638,895
639,0
640,17
641,382
642,611
643,416
644,3631
645,0
646,1737
647,1369
648,1104
649,1274
650,770
651,2248
652,0
653,3039
654,251
655,120
656,939
657,102
658,431
659,1665
660,826
661,878
662,1548
663,1281
664,214
665,1367
666,2563
667,1966
668,860
669,1110
670,1617
671,992
672,1597
673,819
674,2077
675,1786
676,1311
677,669
678,1645
679,195
680,1036
681,825
682,2088
683,3295
684,1692
685,166
686,388
687,355
688,5
689,24
690,864
691,1460
692,0
693,150
694,2024
695,935
696,726
697,150
698,1899
699,749
700,1146
701,582
702,1195
703,2071
704,1304
705,1852
706,1303
707,1798
708,1095
709,958
710,1138
711,141
712,193
713,1089
714,547
715,2315
716,35
717,1511
718,1746
719,1854
720,1954
721,1194
722,3046
723,0
724,0
725,371
726,664
727,568
728,0
729,2138
730,4410
731,3032
732,2180
733,3485
734,1314
735,3540
736,1370
737,3804
738,2419
739,2065
740,1710
741,3122
742,2012
743,1029
744,1796
745,1342
746,1668
747,1140
748,2392
749,1604
750,2176
751,1497
752,1346
753,1252
754,916
755,3974
756,3410
757,344
758,896
759,3078
760,1439
761,1700
762,1242
763,1980
764,1953
765,538
766,4341
767,2263
768,2875
769,1245
770,3598
771,1769
772,1015
773,2959
774,3638
775,2631
776,2055
777,3874
778,2585
779,3075
780,2694
781,2504
782,2884
783,1544
784,2790
785,2164
786,2920
787,3987
788,1882
789,546
790,1357
791,1781
792,3096
793,2640
794,3404
795,3044
796,2302
797,1918
798,2452
799,2423
800,1416
801,2016
802,497
803,2128
804,1480
805,2674
806,416
807,1152
808,52
809,30
810,1042
811,227
812,1862
813,1470
814,1070
815,2701
816,3023
817,3666
818,3159
819,1448
820,3079
821,1098
822,1711
823,2901
824,1959
825,2238
826,1768
827,2806
828,419
829,828
830,2806
831,934
832,1558
833,2264
834,199
835,2862
836,1676
837,433
838,717
839,40
840,3210
841,2411
842,1434
843,1554
844,2168
845,1733
846,1084
847,1382
848,2737
849,1680
850,3161
851,1180
852,3324
853,4195
854,856
855,3224
856,1565
857,3572
858,3646
859,1461
860,2854
861,424
862,2509
863,190
864,244
865,104
866,28
867,198
868,0
869,16
870,7
871,1610
872,3016
873,1871
874,3164
875,0
876,124
877,2472
878,1826
879,1531
880,991
881,2609
882,2298
883,2677
884,2810
885,1362
886,1346
887,2972
888,1720
889,1928
890,2876
891,2813
892,2848
893,2817
894,1634
895,2529
896,736
897,396
898,3544
899,2727
900,1351
901,839
902,1815
903,3085
904,2878
905,3766
906,1698
907,2564
908,2973
909,1834
910,1368
911,2888
912,1019
913,2443
914,2719
915,1936
916,1975
917,1831
918,1298
919,1351
920,632
921,463
922,1666
923,846
924,252
925,1140
926,557
927,2381
928,2166
929,2955
930,3788
931,1466
932,1540
933,1485
934,386
935,2092
936,3111
937,2187
938,3323
939,574
940,2327
941,826
942,195
943,2365
944,2368
945,1952
946,1944
947,3100
948,1965
949,1354
950,2580
951,661
952,2888
953,4002
954,8
955,797
956,0
957,0
958,6
959,3
960,2053
961,1533
962,376
963,2277
964,2186
965,3450
966,3425
967,3072
968,17
969,1374
970,1094
971,798
972,111
973,0
974,355
975,110
976,858
977,395
978,2720
979,1612
980,1325
981,3767
982,1002
983,2422
984,2222
985,1304
986,510
987,1838
988,1228
989,1664
990,3078
991,1541
992,1518
993,2896
994,1250
995,1294
996,1892
997,2812
998,1305
999,966
1000,956
1001,2459
1002,1077
1003,1836
1004,1023
1005,1423
1006,2492
1007,2124
1008,812
1009,1599
1010,1483
1011,1889
1012,1847
1013,1876
1014,1255
1015,2391
1016,1383
1017,2153
1018,1412
1019,1689
1020,2588
1021,2179
1022,2869
1023,1651
1024,1646
1025,1726
1026,1154
1027,2046
1028,2942
1029,580
1030,1246
1031,1292
1032,1242
1033,2295
1034,2111
1035,260
1036,3026
1037,2446
1038,912
1039,352
1040,0
1041,1241
1042,1965
1043,2018
1044,729
1045,2632
1046,404
1047,1507
1048,2020
1049,0
1050,1189
1051,2729
1052,1817
1053,2178
1054,1294
1055,2295
1056,33
1057,39
1058,113
1059,1684
1060,3336
1061,1077
1062,19
1063,1013
1064,0
1065,1420
1066,2548
1067,2526
1068,3337
1069,2472
1070,1285
1071,3094
1072,4006
1073,1454
1074,1078
1075,3042
1076,660
1077,3516
1078,1761
1079,2272
1080,2362
1081,2830
1082,2044
1083,326
1084,1329
1085,2172
1086,407
1087,1916
1088,3797
1089,370
1090,2322
1091,1677
1092,2266
1093,2522
1094,2413
1095,1414
1096,592
1097,2440
1098,1999
1099,744
1100,1830
1101,2566
1102,1032
1103,2756
1104,1121
1105,2325
1106,2320
1107,2779
1108,1105
1109,3427
1110,1804
1111,1669
1112,578
1113,1476
1114,620
1115,0
1116,455
1117,824
1118,398
1119,1768
1120,2162
1121,3236
1122,1119
1123,423
1124,2134
1125,1501
1126,34
1127,4218
1128,1706
1129,227
1130,3195
1131,4286
1132,3564
1133,1630
1134,2322
1135,2003
1136,1674
1137,2210
1138,894
1139,473
1140,2582
1141,2290
1142,3604
1143,2031
1144,1374
1145,2022
1146,2991
1147,2575
1148,2922
1149,2072
1150,2863
1151,2346
1152,785
1153,1709
1154,2045
1155,1932
1156,2132
1157,1333
1158,1771
1159,2504
1160,1666
1161,2700
1162,1901
1163,3253
1164,2941
1165,1605
1166,3044
1167,2740
1168,2564
1169,1460
1170,1
1171,2610
1172,2566
1173,1539
1174,2267
1175,1726
1176,1311
1177,2647
1178,2993
1179,1052
1180,1840
1181,1529
1182,1871
1183,2060
1184,1948
1185,706
1186,1500
1187,1591
1188,3721
1189,1708
1190,1981
1191,1186
1192,2358
1193,1662
1194,876
1195,2721
1196,147
1197,280
1198,616
1199,1424
1200,1634
1201,2132
1202,1100
1203,2474
1204,1928
1205,2274
1206,2411
1207,3163
1208,2027
1209,3987
1210,1408
1211,1253
1212,3929
1213,1149
1214,0
1215,11
1216,119
1217,3011
1218,2313
1219,2754
1220,408
1221,93
1222,1847
1223,2494
1224,2451
1225,875
1226,1626
1227,1796
1228,2145
1229,3456
1230,4230
1231,1799
1232,152
1233,1843
1234,55
1235,176
1236,1500
1237,1043
1238,1236
1239,1626
1240,1964
1241,2900
1242,754
1243,705
1244,2215
1245,3655
1246,121
1247,252
1248,1782
1249,1164
1250,384
1251,1167
1252,2142
1253,122
1254,2234
1255,2633
1256,1856
1257,963
1258,1504
1259,2192
1260,1426
1261,1277
1262,2279
1263,2688
1264,1721
1265,1994
1266,2202
1267,4296
1268,1444
1269,2899
1270,1223
1271,363
1272,1111
1273,1350
1274,1677
1275,2759
1276,3424
1277,2404
1278,2716
1279,2254
1280,2068
1281,1247
1282,2193
1283,911
1284,1099
1285,661
1286,1431
1287,333
1288,2124
1289,1447
1290,3200
1291,2522
1292,1432
1293,2979
1294,1853
1295,1910
1296,1924
1297,509
1298,0
1299,2076
1300,2652
1301,2305
1302,4201
1303,1158
1304,1733
1305,575
1306,1216
1307,342
1308,2030
1309,1010
1310,1713
1311,2902
1312,954
1313,1366
1314,825
1315,1110
1316,183
1317,2016
1318,2051
1319,352
1320,409
1321,462
1322,2963
1323,617
1324,2293
1325,138
1326,3056
1327,85
1328,1797
1329,440
1330,1701
1331,1091
1332,1036
1333,813
1334,2207
1335,1746
1336,1215
1337,1340
1338,458
1339,289
1340,1226
1341,3032
1342,368
1343,3058
1344,2513
1345,2030
1346,2918
1347,724
1348,1416
1349,1199
1350,2122
1351,501
1352,1376
1353,1739
1354,1887
1355,1501
1356,296
1357,614
1358,1968
1359,624
1360,33
1361,132
1362,78
1363,2233
1364,950
1365,108
1366,473
1367,1617
1368,11
1369,73
1370,0
1371,0
1372,0
1373,0
1374,167
1375,676
1376,1140
1377,486
1378,1689
1379,0
1380,2054
1381,2085
1382,2530
1383,3034
1384,1885
1385,3024
1386,2496
1387,5
1388,4171
1389,1152
1390,655
1391,2202
1392,194
1393,2336
1394,1909
1395,610
1396,2794
1397,107
1398,941
1399,1057
1400,2891
1401,3695
1402,857
1403,1630
1404,520
1405,354
1406,19
1407,1057
1408,2291
1409,2318
1410,1412
1411,2840
1412,43
1413,2175
1414,1051
1415,1314
1416,2429
1417,280
1418,1288
1419,693
1420,0
1421,0
1422,2021
1423,1429
1424,1761
1425,1361
1426,734
1427,314
1428,609
1429,2556
1430,1733
1431,110
1432,2375
1433,450
1434,1294
1435,1161
1436,1446
1437,1657
1438,2114
1439,1078
1440,2573
1441,970
1442,2077
1443,473
1444,2239
1445,2613
1446,1595
1447,1300
1448,1240
1449,2366
1450,1502
1451,332
1452,804
1453,1463
1454,75
1455,699
1456,1545
1457,2022
1458,2695
1459,2446
1460,1841
1461,1846
1462,2314
1463,1312
1464,1064
1465,72
1466,2101
1467,1397
1468,2564
1469,1395
1470,1371
1471,918
1472,1340
1473,1338
1474,2335
1475,3759
1476,1548
1477,4102
1478,2758
1479,2394
1480,2051
1481,727
1482,1306
1483,396
1484,1773
1485,1044
1486,2191
1487,1580
1488,819
1489,1533
1490,0
1491,2824
1492,2067
1493,2972
1494,4012
1495,1343
1496,2052
1497,2001
1498,1155
1499,918
1500,3186
1501,2638
1502,2040
1503,1467
1504,210
1505,1754
1506,1844
1507,499
1508,1294
1509,2040
1510,1736
1511,1954
1512,1873
1513,1087
1514,1016
1515,547
1516,2451
1517,744
1518,9
1519,268
1520,148
1521,0
1522,4579
1523,62
1524,1636
1525,91
1526,2976
1527,1730
1528,20
1529,3332
1530,2178
1531,828
1532,2346
1533,1277
1534,2266
1535,361
1536,1440
1537,1610
1538,1143
1539,608
1540,1019
1541,2819
1542,3297
1543,1151
1544,3284
1545,3530
1546,2055
1547,2026
1548,325
1549,1991
1550,3124
1551,698
1552,2565
1553,3184
1554,1427
1555,2673
1556,2
1557,37
1558,3644
1559,2
1560,2
1561,598
1562,292
1563,1816
1564,992
1565,822
1566,1080
1567,2479
1568,470
1569,899
1570,2216
1571,2056
1572,1737
1573,1674
1574,2241
1575,836
1576,2308
1577,4202
1578,1794
1579,1449
1580,2375
1581,1820
1582,2980
1583,0
1584,3
1585,4130
1586,2092
1587,1548
1588,2889
1589,3157
1590,2111
1591,2008
1592,3116
1593,2403
1594,2611
1595,1262
1596,1623
1597,3968
1598,1610
1599,3252
1600,802
1601,1713
1602,2115
1603,1077
1604,780
1605,2770
1606,1037
1607,2550
1608,2398
1609,2579
1610,2218
1611,1968
1612,736
1613,2169
1614,0
1615,1221
1616,3
1617,0
1618,51
1619,2857
1620,2562
1621,106
1622,32
1623,2859
1624,2812
1625,177
1626,32
1627,0
1628,22
1629,1552
1630,473
1631,1477
1632,3189
1633,1383
1634,205
1635,2925
1636,1735
1637,2928
1638,1151
1639,2473
1640,2313
1641,894
1642,1855
1643,3338
1644,3140
1645,759
1646,1426
1647,1774
1648,1976
1649,2492
1650,370
1651,2352
1652,2340
1653,2839
1654,1880
1655,2723
1656,2010
1657,1350
1658,2333
1659,2583
1660,1848
1661,2298
1662,2358
1663,2832
1664,2846
1665,522
1666,2535
1667,1987
1668,1986
1669,486
1670,2521
1671,1239
1672,2188
1673,2807
1674,231
1675,2407
1676,2143
1677,1594
1678,2057
1679,843
1680,388
1681,2002
1682,1858
1683,2658
1684,13
1685,1969
1686,1122
1687,95
1688,2181
1689,2601
1690,2240
1691,868
1692,2850
1693,2038
1694,2992
1695,2722
1696,2594
1697,2279
1698,948
1699,252
1700,1410
1701,2592
1702,2391
1703,3333
1704,67
1705,1009
1706,1786
1707,1295
1708,1885
1709,1356
1710,1834
1711,932
1712,2621
1713,1867
1714,1610
1715,2214
1716,1983
1717,2057
1718,1188
1719,2818
1720,439
1721,0
1722,304
1723,714
1724,998
1725,1184
1726,964
1727,192
1728,2536
1729,3039
1730,2130
1731,3086
1732,1351
1733,2007
1734,1659
1735,1930
1736,1341
1737,14
1738,485
1739,40
1740,1011
1741,1331
1742,2333
1743,3798
1744,2579
1745,2228
1746,638
1747,1928
1748,3565
1749,2147
1750,2282
1751,1063
1752,1471
1753,1034
1754,1149
1755,41
1756,1469
1757,402
1758,89
1759,713
1760,3917
1761,3281
1762,3854
1763,1704
1764,2917
1765,1975
1766,2619
1767,626
1768,34
1769,1806
1770,2970
1771,2926
1772,2919
1773,1110
1774,2801
1775,652
1776,2646
1777,2798
1778,722
1779,2170
1780,459
1781,1800
1782,3472
1783,3531
1784,2183
1785,786
1786,2138
1787,2512
1788,1519
1789,1933
1790,2383
1791,1035
1792,7
1793,0
1794,6
1795,2974
1796,829
1797,2281
1798,0
1799,210
1800,874
1801,606
1802,849
1803,1980
1804,3172
1805,2220
1806,1914
1807,2592
1808,122
1809,1346
1810,1964
1811,2885
1812,2599
1813,4763
1814,1550
1815,1965
1816,1887
1817,1997
1818,2206
1819,1461
1820,1412
1821,1733
1822,2126
1823,2757
1824,1954
1825,1133
1826,2301
1827,2098
1828,1650
1829,1037
1830,115
1831,1282
1832,3341
1833,1027
1834,703
1835,3521
1836,1211
1837,2522
1838,1934
1839,1622
1840,514
1841,0
1842,470
1843,1184
1844,2928
1845,1603
1846,1666
1847,377
1848,2321
1849,2436
1850,2442
1851,1598
1852,1496
1853,2765
1854,366
1855,36
1856,1441
1857,1516
1858,421
1859,1669
1860,1403
1861,2225
1862,2762
1863,2155
1864,1932
1865,136
1866,78
1867,1594
1868,1659
1869,2741
1870,1708
1871,1495
1872,1598
1873,2400
1874,1346
1875,911
1876,1184
1877,2387
1878,1388
1879,2324
1880,1271
1881,1236
1882,1528
1883,2054
1884,1174
1885,1994
1886,2923
1887,2770
1888,2184
1889,2116
1890,1197
1891,189
1892,888
1893,3185
1894,2528
1895,2358
1896,1741
1897,2650
1898,1035
1899,272
1900,88
1901,22
1902,133
1903,65
1904,516
1905,2110
1906,1519
1907,2974
1908,1172
1909,2016
1910,1338
1911,2158
1912,1877
1913,2316
1914,4404
1915,2178
1916,3384
1917,477
1918,2338
1919,2798
1920,2444
1921,2450
1922,1977
1923,2298
1924,1884
1925,2575
1926,2016
1927,2541
1928,979
1929,1705
1930,2730
1931,168
1932,2459
1933,496
1934,2068
1935,1323
1936,2220
1937,1341
1938,2065
1939,1035
1940,2469
1941,2242
1942,2525
1943,1298
1944,2098
1945,2696
1946,2316
1947,1858
1948,2037
1949,580
1950,1381
1951,1547
1952,1646
1953,981
1954,1360
1955,930
1956,1718
1957,1731
1958,715
1959,1054
1960,2245
1961,921
1962,1733
1963,2356
1964,659
1965,527
1966,821
1967,2485
1968,15
1969,2094
1970,1478
1971,456
1972,2124
1973,2668
1974,1952
1975,697
1976,1586
1977,4068
1978,2392
1979,1516
1980,3070
1981,999
1982,1937
1983,761
1984,1790
1985,2256
1986,720
1987,1135
1988,2707
1989,2446
1990,1294
1991,993
1992,2942
1993,1658
1994,930
1995,2025
1996,1724
1997,2045
1998,3143
1999,0
2000,84
2001,2750
2002,3100
2003,4317
2004,2896
2005,2617
2006,3093
2007,380
2008,2822
2009,3137
2010,3966
2011,4671
2012,1803
2013,3858
2014,3810
2015,2571
2016,1723
2017,788
2018,11
2019,1864
2020,3641
2021,3685
2022,3124
2023,4231
2024,1388
2025,2494
2026,2365
2027,993
2028,1497
2029,2094
2030,1559
2031,1131
2032,1781
2033,2221
2034,2406
2035,979
2036,2248
2037,1353
2038,652
2039,623
2040,935
2041,2606
2042,1112
2043,3219
2044,2254
2045,1534
2046,3144
2047,2830
2048,1054
2049,1005
2050,2311
2051,2313
2052,2320
2053,3420
2054,1078
2055,1489
2056,1287
2057,1358
2058,2355
2059,1864
2060,1848
2061,2287
2062,510
2063,3715
2064,3414
2065,2120
2066,3520
2067,1210
2068,3701
2069,1203
2070,84
2071,3690
2072,1743
2073,1708
2074,3225
2075,4333
2076,2667
2077,899
2078,2351
2079,2759
2080,2114
2081,3260
2082,2350
2083,1830
2084,1729
2085,3306
2086,2059
2087,487
2088,2833
2089,2334
2090,2384
2091,2579
2092,1696
2093,3411
2094,2007
2095,1868
2096,2686
2097,2166
2098,2051
2099,1384
2100,3547
2101,2339
2102,1928
2103,2917
2104,2657
2105,1678
2106,1000
2107,1774
2108,1350
2109,1020
2110,3013
2111,2204
2112,1855
2113,3527
2114,1613
2115,1488
2116,1561
2117,3799
2118,892
2119,967
2120,1801
2121,1955
2122,3920
2123,2974
2124,2927
2125,2836
2126,2061
2127,2284
2128,2213
2129,1624
2130,42
2131,196
2132,354
2133,677
2134,159
2135,2201
2136,1447
2137,2260
2138,3247
2139,2887
2140,2370
2141,3642
2142,1182
2143,1158
2144,1178
2145,2793
2146,1710
2147,1834
2148,2840
2149,2580
2150,1867
2151,2210
2152,2656
2153,1632
2154,1262
2155,1148
2156,2154
2157,3357
2158,1700
2159,2346
2160,2977
2161,3568
2162,760
2163,1136
2164,1547
2165,822
2166,1190
2167,350
2168,70
2169,668
2170,935
2171,1157
2172,2658
2173,1187
2174,1992
2175,3187
2176,2420
2177,1792
2178,2436
2179,2185
2180,2308
2181,1684
2182,2031
2183,118
2184,223
2185,638
2186,2206
2187,198
2188,4
2189,513
2190,1310
2191,2203
2192,750
2193,272
2194,2030
2195,1004
2196,771
2197,582
2198,709
2199,2487
2200,1800
2201,2240
2202,1264
2203,1185
2204,1901
2205,1812
2206,830
2207,544
2208,1830
2209,888
2210,2344
2211,504
2212,1893
2213,1084
2214,2008
2215,926
2216,482
2217,1060
2218,1866
2219,1457
2220,1141
2221,820
2222,692
2223,840
2224,1570
2225,2135
2226,1245
2227,1517
2228,2893
2229,1479
2230,2609
2231,1539
2232,2977
2233,2385
2234,2382
2235,2444
2236,2330
2237,702
2238,872
2239,3244
2240,907
2241,1654
2242,1777
2243,1822
2244,1414
2245,2151
2246,2126
2247,2662
2248,2914
2249,3176
2250,2679
2251,638
2252,1406
2253,3209
2254,646
2255,370
2256,2827
2257,1198
2258,11
2259,1292
2260,184
2261,328
2262,236
2263,350
2264,504
2265,0
2266,392
2267,1299
2268,538
2269,1765
2270,1863
2271,1315
2272,700
2273,1542
2274,2714
2275,2254
2276,2006
2277,1779
2278,1809
2279,2424
2280,1789
2281,2826
2282,834
2283,1083
2284,2940
2285,1834
2286,1888
2287,1171
2288,970
2289,1192
2290,994
2291,1022
2292,778
2293,989
2294,2650
2295,2188
2296,2109
2297,743
2298,2184
2299,2728
2300,1833
2301,3140
2302,743
2303,1062
2304,1062
2341,3252
2342,3117
2343,1459
2344,2216
2345,2708
2346,2984
2347,2490
2348,3352
2349,3645
2350,1080
2351,712
2352,1017
2353,5
2354,484
2355,1340
2356,1386
2357,313
2358,545
2359,2045
2360,241
2361,407
2362,1414
2363,718
2364,1163
2365,2500
2366,648
2367,3135
2368,2349
2369,2755
2370,2503
2371,3131
2372,2332
2373,1284
2374,962
2375,1523
2376,2472
2377,1158
2378,936
2379,82
2380,1697
2381,232
2382,94
2383,1129
2384,2051
2385,891
2386,415
2387,1777
2388,0
2389,0
2390,4092
2391,1769
2392,2433
2393,2034
2394,1377
2395,1252
2396,1598
2397,1977
2398,1886
2399,1482
2400,566
2401,1835
2402,1328
2403,1120
2404,1556
2405,2652
2406,1408
2407,2231
2408,2735
2409,1942
2410,1248
2411,1752
2412,2949
2413,2136
2414,2482
2415,2120
2416,2019
2417,514
2418,1742
2419,2110
2420,1800
2421,2550
2422,968
2423,2758
2424,901
2425,3522
2456,1706
2457,2329
2458,969
2459,2175
2460,1050
2461,82
2462,2644
2519,2988
2520,1709
2521,2298
2522,2004
2523,4616
2524,1611
2525,1317
2526,2271
2527,107
2528,3291
2529,896
2530,372
2531,245
2532,1838
2533,1073
2534,1725
2535,493
2536,1170
2537,2299
2538,1546
2539,2274
2540,1550
2541,1228
2542,3045
2543,786
2544,1065
2557,566
2558,1910
2559,1928
2560,2040
2561,1356
2562,1540
2563,758
2564,151
2565,1321
2566,1096
2567,2217
2568,2647
2569,2012
2570,3277
2571,2148
2572,1597
2636,3622
2637,3309
2638,1922
2639,3452
2640,2272
2641,2036
2642,1306
2643,2085
2644,2698
2645,2430
2646,1826
2647,1306
2648,950
2649,2146
2650,533
2651,3445
2652,1086
2653,3574
2654,3627
2655,3394
2656,2851
2657,851
2658,1844
2659,610
2660,1575
2661,2296
2662,2030
2663,2676
2664,1863
2665,1970
2666,1161
2667,1488
2668,1097
2669,1636
2670,688
2671,1086
2672,3011
2673,720
2674,2100
2675,2153
2676,8
2677,1094
2678,730
2679,832
2680,904
2681,1010
2682,1341
2683,1894
2684,2664
2694,854
2695,1287
2696,1229
2697,1820
2698,523
2699,1258
2700,411
2701,980
2702,2384
2703,722
2704,1596
2705,115
2706,1656
2707,2038
2708,3182
2709,1962
2710,2288
2711,1618
2712,1636
2713,1296
2714,2137
2715,3756
2716,3099
2717,1520
2718,1660
2719,1194
2720,2252
2721,1669
2722,968
2723,2368
2724,1720
2725,2779
2726,930
2727,1563
2751,480
2752,937
2753,621
2754,530
2755,621
2756,5
2757,1533
2758,1813
2759,2770
2760,1394
2761,4168
2762,2019
2763,931
2764,1553
2765,2071
2766,3045
2767,1029
2768,2028
2769,1182
2770,1094
2771,896
2772,854
2773,463
2774,556
2775,639
2776,821
2777,819
2778,761
2779,428
2780,371
2781,840
2782,1493
2783,1672
2784,1337
2785,1068
2786,986
2787,669
2788,92
2789,983
2790,1133
2791,1702
2792,1111
2793,1468
2794,841
2795,1371
2796,652
2797,1568
2798,844
2799,2076
2800,801
2801,835
2802,1735
2803,1771
2804,953
2805,1006
2806,2075
2807,1287
2808,1589
2809,655
2810,2054
2811,846
2812,28
2813,168
2814,776
2815,1007
2816,465
2817,389
2818,960
2819,40
2820,2312
2821,555
2822,766
2823,403
2824,332
2825,527
2826,421
2827,137
2828,103
2829,370
2830,193
2831,723
2832,815
2833,124
2834,1
2835,612
2836,703
2837,373
2838,847
2839,624
2840,2088
2841,2048
2842,999
2843,942
2844,1897
2845,1555
2846,1699
2847,891
2848,1498
2849,1323
2850,944
2851,1368
2852,2151
2853,1057
2854,860
2855,1181
2856,1521
2857,1211
2858,226
2859,606
2860,592
2861,929
2862,611
2863,818
2864,1458
2865,342
2866,1104
2867,1650
2868,1239
2869,1579
2870,1524
2871,1204
2872,744
2873,858
2874,996
2875,883
2876,1682
2877,1379
2878,1902
2879,1036
2880,744
2881,400
2882,272
2883,699
2884,1135
2885,526
2886,904
2887,490
2888,1296
2889,1265
2890,1068
2891,1009
2892,766
2893,601
2894,1211
2895,1316
2896,625
2897,766
2898,713
2899,1660
2900,2621
2901,1181
2902,2075
2903,2156
2904,1073
2905,1504
2906,3353
2907,926
2908,1140
2909,882
2910,1896
2911,1643
2912,1439
2913,679
2914,78
2915,1246
2916,1653
2917,902
2918,982
2919,1657
2920,2059
2921,1097
2922,1680
2923,1388
2924,901
2925,2074
2926,1764
2927,741
2928,1523
2929,392
2930,608
2931,2978
2932,654
2933,74
2934,148
2935,536
2936,1066
2937,1040
2938,410
2939,562
2940,2111
2941,1694
2942,1255
2943,1777
2944,744
2945,438
2946,1847
2947,1774
2948,1210
2949,1264
2950,1156
2951,790
2952,1050
2953,472
2954,702
2955,917
2956,1682
2957,886
2958,723
2959,635
2960,892
2961,739
2962,461
2963,1838
2964,286
2965,587
2966,426
2967,420
2968,534
2969,334
2970,0
2971,1768
2972,781
2973,564
2974,909
2975,306
2976,760
2977,854
2978,2331
2979,684
2980,1244
2981,325
2982,214
2983,761
2984,457
2985,949
2986,905
2987,811
2988,777
2989,1772
2990,218
2991,853
2992,1496
2993,143
2994,30
2995,1056
2996,884
2997,554
2998,1000
2999,1490
3000,652
3001,2428
3002,1522
3003,1213
3004,2950
3005,1177
3006,540
3007,2017
3008,2058
3009,1097
3010,926
3011,1003
3012,1469
3013,1502
3014,798
3015,1302
3016,832
3017,2302
3018,3693
3019,1098
3020,589
3021,1463
3022,908
3023,2115
3024,764
3025,2441
3026,1248
3027,2192
3028,1424
3029,2557
3030,329
3031,369
3032,1239
3033,900
3034,949
3035,744
3036,335
3037,1350
3038,225
3039,696
3040,1021
3041,1001
3042,914
3043,126
3044,935
3045,2018
3046,966
3047,1516
3048,538
3049,2026
3050,1956
3051,696
3052,529
3053,2174
3054,2064
3055,1360
3056,816
3057,857
3058,2809
3059,909
3060,1028
3061,2979
3062,1013
3063,2791
3064,1045
3065,647
3066,669
3067,669
3068,941
3069,767
3070,888
3071,635
3072,696
3073,900
3074,1052
3075,26
3076,910
3077,1279
3078,1394
3079,1329
3080,694
3081,1155
3082,1214
3083,372
3084,1259
3085,1260
3086,739
3087,788
3088,1098
3089,2241
3090,1138
3091,1346
3092,2921
3093,1285
3094,409
3095,793
3096,382
3097,1054
3098,937
3099,804
3100,1068
3101,2259
3102,2065
3103,1866
3104,2518
3105,962
3106,862
3107,2131
3108,1073
3109,944
3110,1314
3111,884
3112,972
3113,781
3114,3327
3115,1365
3116,1765
3117,586
3118,431
3119,711
3120,1536
3121,0
3122,50
3123,215
3124,0
3125,0
3126,0
3127,136
3128,540
3129,1060
3130,1342
3131,167
3132,770
3133,1521
3134,904
3135,912
3136,548
3137,562
3138,704
3139,1060
3140,910
3141,1153
3142,815
3143,1143
3144,785
3145,140
3146,603
3147,2360
3148,112
3149,943
3150,2459
3151,857
3152,1244
3153,1153
3154,648
3155,0
3156,783
3157,608
3158,722
3159,947
3160,1078
3161,0
3162,0
3163,652
3164,952
3165,1154
3166,897
3167,530
3168,1313
3169,1243
3170,727
3171,694
3172,1027
3173,634
3174,1267
3175,689
3176,881
3177,630
3178,50
3179,685
3180,596
3181,386
3182,0
3183,447
3184,1052
3185,568
3186,1022
3187,815
3188,660
3189,262
3190,0
3191,184
3192,0
3193,74
3194,56
3195,806
3196,0
3197,0
3198,743
3199,954
3200,1531
3201,1096
3202,2371
3203,1334
3204,1040
3205,869
3206,718
3207,495
3208,639
3209,884
3210,857
3211,657
3212,1079
3213,796
3214,694
3215,1093
3216,827
3217,712
3218,482
3219,577
3220,814
3221,776
3222,1313
3223,709
3224,1191
3225,1326
3226,739
3227,1222
3228,1749
3229,445
3230,1140
3231,1087
3232,894
3233,54
3234,0
3235,756
3236,591
3237,1623
3238,725
3239,1131
3240,798
3241,550
3242,1252
3243,0
3244,724
3245,154
3246,321
3247,132
3248,158
3249,1710
3250,78
3251,282
3252,424
3253,850
3254,1308
3255,376
3256,613
3257,1032
3258,4
3259,754
3260,30
3261,544
3262,198
3263,40
3264,1218
3265,557
3266,602
3267,0
3268,348
3271,3246
3272,2796
3273,1234
3274,2149
3275,2406
3276,1618
3277,935
3278,1582
3279,2318
3280,1488
3281,2073
3282,1290
3283,1051
3284,951
3285,1307
3286,1921
3287,1438
3288,1843
3289,1632
3290,1682
3291,1736
3292,2800
3293,1456
3294,1323
3295,812
3296,1794
3297,1330
3298,1169
3299,2258
3300,1258
3301,657
3302,1960
3303,1595
3304,2334
3305,2721
3306,1386
3307,2046
3308,1037
3309,1003
3310,1169
3311,2071
3312,2108
3313,1178
3314,1707
3315,1510
3316,2152
3317,888
3318,842
3319,1915
3320,1847
3321,2497
3322,1839
3323,1959
3324,1448
3325,1829
3326,1782
3327,975
3328,1042
3329,1119
3330,1107
3331,632
3332,880
3333,664
3334,796
3335,1233
3336,1145
3337,1020
3338,1886
3339,2091
3340,1267
3341,1281
3342,1530
3343,928
3344,1210
3345,1375
3346,1303
3347,3394
3348,1172
3349,2544
3350,1875
3351,1641
3352,1725
3353,1485
3354,2967
3355,1242
3356,1220
3357,1250
3358,973
3359,1424
3360,2281
3361,1117
3362,668
3363,654
3364,876
3365,898
3366,1171
3367,971
3368,840
3369,1043
3370,1034
3371,1182
3372,721
3373,1066
3374,1160
3375,2500
3376,2038
3377,1321
3378,1628
3379,1344
3380,1170
3381,1056
3382,724
3383,856
3384,1425
3385,929
3386,637
3387,1861
3388,1098
3389,988
3390,1331
3391,853
3392,663
3393,2250
3394,1884
4001,1833
4002,2091
4003,1179
4004,2051
4005,1185
4006,1364
4007,986
4008,1427
4009,1560
4010,2767
4011,1129
4012,2059
4013,1850
4014,1703
4015,2780
4016,1805
4017,2770
4018,2277
4019,826
4020,2177
4021,2887
4022,1890
4023,1619
4024,1048
4025,2410
4026,1080
4027,2442
4028,1226
4029,2997
4030,2180
4031,1768
4032,1805
4033,1539
4034,1215
4035,1535
4036,2006
4037,1757
4038,1903
4039,2154
4040,1658
4041,2059
4042,1712
4043,2453
4044,1916
4045,662
4046,1750
4047,946
4048,1161
4049,1332
4050,1469
4051,1328
4052,1915
4053,1508
4054,2073
4055,2399
4056,2888
4057,1796
4058,2149
4059,2442
4060,2466
4061,2110
4062,1095
4063,1487
4064,1423
4065,925
4066,2156
4067,1951
4068,2693
4069,1767
4070,1290
4071,840
4072,1056
4073,1495
4074,1761
4075,2428
4076,853
4077,2002
4078,1070
4079,855
4080,1220
4081,1056
4082,1041
4083,2023
4084,842
4085,937
4086,3361
4087,2283
4088,3750
4089,1170
4090,1394
4091,1537
4092,1684
4093,1634
4094,955
4095,635
4096,1430
4097,1108
4098,1642
4099,1214
4100,1109
4101,1223
4102,768
4103,1308
4104,1497
4105,2045
4106,1806
4107,1715
4108,1662
4109,1497
4110,1177
4111,1822
4112,975
4113,1518
4114,1025
4115,1412
4116,1221
4117,1656
4118,1809
4119,1785
4120,2693
4121,1366
4122,2293
4123,1227
4124,1251
4125,1167
4126,815
4127,722
4128,887
4129,1699
4130,1194
4131,1736
4132,1978
4133,1171
4134,1102
4135,2448
4136,3042
4137,3274
4138,1589
4139,1255
4140,1110
4141,869
4142,644
4143,1268
4144,1467
4145,1067
4146,626
4147,1113
4148,1714
4149,1434
4150,1471
4151,1032
4152,1190
4153,651
4154,932
4155,1099
4156,812
4157,750
4158,856
4159,1094
4160,1653
4161,941
4162,1021
4163,1478
4164,1010
4165,1526
4166,764
4167,610
4168,1230
4169,1222
4170,1361
4171,500
4172,1471
4173,1240
4174,1249
4175,611
4176,780
4177,827
4178,812
4179,1095
4180,617
4181,1621
4182,1182
4183,836
4184,1221
4185,978
4186,1244
4187,1047
4188,575
4189,881
4190,1130
4191,1337
4192,1064
4193,1052
4194,1271
4195,609
4196,1267
4197,1078
4198,2142
4199,1051
4200,495
4201,513
4202,978
4203,1297
4204,631
4205,882
4206,1761
4207,2394
4208,1172
4209,578
4210,1089
4211,1036
4212,990
4213,766
4214,1075
4215,1120
4216,992
4217,756
4218,1012
4219,1510
4220,3007
4221,1818
4222,1498
4223,2512
4224,2590
4225,2467
4226,1300
4227,908
4228,1975
4229,1315
4230,916
4231,866
4232,691
4233,2630
4234,1542
4235,3318
4236,976
4237,1091
4238,2162
4239,2689
4240,766
4241,1089
4242,2549
4243,1411
4244,2307
4245,2285
4246,2020
4247,1299
4248,825
4249,1747
4250,1936
4251,1668
4252,2149
4253,1364
4254,2014
4255,1501
4256,1093
4257,1067
4258,756
4259,2142
4260,715
4261,772
4262,1108
4263,709
4264,810
4265,1316
4266,960
4267,687
4268,658
4269,1142
4270,1341
4271,1322
4272,767
4273,670
4274,1119
4275,1464
4276,970
4277,795
4278,935
4279,951
4280,799
4281,1151
4282,917
4283,2865
4284,1970
4285,1863
4286,1061
4287,1325
4288,923
4289,808
4290,733
4291,1335
4292,1161
4293,1066
4294,1168
4295,737
4296,701
4297,609
4298,906
4299,604
4300,564
4301,1041
4302,780
4303,1011
4304,959
4305,1112
4306,843
4307,1140
4308,1037
4309,708
4310,683
4311,1259
4312,629
4313,887
4314,1160
4315,698
4316,838
4317,1279
4318,1089
4319,979
4320,768
4321,1018
4322,1044
4323,808
4324,1392
4325,1272
4326,1179
4327,1410
4328,1295
4329,1548
4330,888
4331,1070
4332,1027
4333,777
4334,1153
4335,1113
4336,1011
4337,1059
4338,1363
4339,2760
4340,1482
4341,2204
4342,3177
4343,1251
4344,1458
4345,1472
4346,824
4347,3214
4348,1442
4349,552
4350,1300
4351,799
4352,964
4353,1110
4354,2095
4355,1795
4356,627
4357,1792
4358,2702
4359,859
4360,1221
4361,1307
4362,1402
4363,2238
4364,585
4365,1178
4366,1074
4367,720
4368,735
4369,708
4370,1421
4371,871
4372,1025
4373,1329
4374,955
4375,780
4376,852
4377,5506
4378,1004
4379,2287
4380,1219
4381,1870
4382,1884
4383,1153
4384,1326
4385,1304
4386,2570
4387,2439
4388,1810
4389,1894
4390,2150
4391,1188
4392,1758
4393,2356
4394,2059
4395,954
4396,2552
4397,2062
4398,2288
4399,1768
4400,1314
4401,1399
4402,662
4403,1494
4404,1660
4405,790
4406,1243
4407,1581
4408,1709
4409,1096
4410,1781
4411,1225
4412,1171
4413,1703
4414,1487
4415,789
4416,2413
4417,1757
4418,635
4419,1666
4420,1426
4421,1942
4422,1573
4423,761
4424,1016
4425,1063
4426,783
4427,827
4428,746
4429,1556
4430,1382
4431,686
4432,827
4433,1099
4434,569
4435,1393
4436,1471
4437,1503
4438,899
4439,877
4440,927
4441,701
4601,660
4602,697
4603,1179
4604,911
4605,520
4606,1047
4607,844
4608,1621
4609,1033
4610,865
4611,683
4612,698
4613,923
4614,584
4615,1369
4616,811
4617,1505
4618,874
4619,764
4620,1873
4621,836
4622,751
4623,1748
4624,1371
4625,1138
4626,616
4627,2199
4628,864
4629,938
4630,1624
4631,1951
4632,1150
4633,1139
4634,1012
4635,911
4636,2257
4637,685
4638,1752
4639,2292
4640,1117
4641,1029
4642,506
4643,1157
4644,2474
4645,1141
4646,1117
4647,2828
4648,2389
4649,2174
4650,2516
4651,1197
4652,1858
4653,1722
4654,1236
4655,882
4656,2538
4657,1341
4658,961
4659,2839
4660,2243
4661,961
4662,791
4663,2409
4664,1222
4665,551
4666,1362
4667,831
4668,716
4669,843
4670,672
4671,1807
4672,510
4673,896
4674,1349
4675,747
4676,1095
4677,603
4678,2180
4679,1211
4680,2568
4681,1078
4682,716
4683,1124
4684,1075
4685,1279
4686,1411
4687,988
4688,1740
4689,772
4690,556
4691,1766
4692,870
4693,494
4694,1395
4695,1398
4696,1152
4697,915
4698,1865
4699,1298
4700,1389
4701,638
4702,1263
4703,1015
4704,760
4705,1623
4706,826
4707,731
4708,885
4709,1221
4710,993
4711,1403
4712,1255
4713,1707
4714,843
4715,822
4716,1375
4717,1028
4718,1321
4719,1826
4720,1043
4721,837
4722,594
4723,673
4724,502
4725,810
4726,1114
4727,523
4728,1149
4729,766
4730,742
4731,1066
4732,794
4733,1513
4734,582
4735,638
4736,818
4737,1125
4738,614
4739,427
4740,930
4741,837
4742,752
4743,633
4744,979
4745,1126
4746,758
4747,1233
4748,918
4749,920
4750,840
4751,639
4752,747
4753,491
4754,1138
4755,1439
4756,1583
4757,1112
4758,1200
4759,1259
4760,1385
4761,1531
4762,807
4763,867
4764,615
4765,695
4766,2172
4767,669
4768,2016
4769,863
4770,768
4771,429
4772,1480
4773,1220
4774,639
4775,741
4776,834
4777,612
4778,676
4779,1080
4780,792
4781,1101
4782,529
4783,1362
4784,702
4785,711
4786,1070
4787,613
4788,763
4789,603
4790,494
4791,516
4792,600
4793,787
4794,569
4795,613
4901,1294
4902,2202
4903,891
4904,457
4905,1810
4906,376
4907,311
4908,392
4909,409
4910,179
4911,75
4912,813
4913,294
4914,637
4915,702
4916,688
4917,924
4918,1341
4919,853
4920,1887
5001,494
5002,342
5003,881
5004,1405
5005,642
5006,1435
5007,1330
5008,699
5009,1423
5010,999
5011,522
5201,2214
5202,1672
5203,1570
5204,1476
5205,323
5206,758
5207,233
5208,1790
5209,1112
5210,1293
5211,1275
5212,1395
5213,2807
5214,944
5215,654
5216,2498
5217,2493
5218,3335
5219,3393
5220,2767
5221,1321
5222,452
5223,960
5224,1054
5225,1566
5226,1233
5227,485
5228,1775
5229,1969
5230,1903
5231,1135
5232,648
5233,957
5234,901
5235,838
5236,872
5237,1279
5238,1337
5239,1375
5240,1222
5241,1677
5242,1672
5243,1068
5244,1707
5245,1932
5246,1844
5247,1419
5248,1917
5249,161
5250,1213
5251,2969
5252,2047
5253,1452
5254,950
5255,1948
5256,971
5257,857
5258,1203
5259,2370
5260,1220
5261,736
5262,1552
5263,646
5264,867
5265,1487
5266,481
5267,1016
5268,1535
5269,2236
5270,1095
5271,532
5272,1016
5273,0
5274,2413
5275,820
5276,4
5277,1340
5278,717
5279,1109
5280,1361
5281,1426
5282,1114
5283,973
5284,1529
5285,1415
5286,2056
5287,1503
5288,721
5289,1654
5290,698
5291,883
5292,578
5293,2346
5294,893
5295,2175
5296,781
5297,508
5298,518
5299,910
5300,1159
5301,215
5302,1182
5303,1431
5304,1303
5305,1406
5306,776
5307,1547
5308,1483
5309,689
5310,2215
5311,714
5312,1073
5313,869
5314,703
5315,755
5316,836
5317,1202
5318,624
5319,2233
5320,2086
5321,2199
5322,2453
5323,1293
5324,957
5325,772
5326,886
5327,2879
5328,1515
5329,808
5330,1155
5331,956
5332,1525
5333,1144
5334,1716
5335,2119
5336,918
5337,366
5338,1529
5339,2209
5340,2187
5341,809
5342,439
5343,2779
5344,2037
5345,1165
5346,845
5347,1596
5348,1601
5349,2258
5350,2447
5351,2332
5352,817
5353,1510
5354,2470
5355,2949
5356,1711
5357,2277
5358,1979
5359,2423
5360,1728
5361,819
5362,2122
5363,2701
5364,2110
5365,915
5366,1673
5367,1439
5368,556
5369,721
5370,1677
5371,2593
5372,1218
5373,1257
5374,1270
5375,604
5376,1590
5377,1330
5378,2367
5379,969
5380,1513
5381,1594
5382,1053
5383,1799
5384,1800
5385,862
5386,1497
5387,1008
5388,1141
5389,785
5390,2082
5391,736
5392,1268
5393,615
5394,1162
5395,817
5396,581
5397,979
5398,2245
5399,758
5400,961
5401,876
5402,1428
5403,553
5404,1607
5405,2430
5406,579
5407,491
5408,231
5409,1804
5410,2349
5411,1227
5412,1070
5413,1104
5414,643
5415,917
5416,1112
5417,1405
5418,1387
5419,787
5420,1097
5421,1118
5422,754
5423,633
5424,899
5425,1303
5426,249
5427,1962
5428,1785
5429,1873
5430,861
5431,1196
5432,1406
5433,1061
5434,2227
5435,1902
5436,2037
5437,2448
5438,1278
5439,1494
5440,821
5441,2610
5442,1285
5443,2442
5444,1636
5445,1522
5446,2663
5447,1096
5448,1121
5449,126
5450,1057
5451,2917
5452,2600
5453,2152
5454,1132
5455,3006
5456,986
5457,2602
5458,2635
5459,1876
5460,1218
5461,655
5462,1164
5463,0
5464,1010
5465,1145
5466,1849
5467,1038
5468,2160
5469,2401
5470,1167
5471,2886
5472,1163
5473,1446
5474,923
5475,1405
5476,379
5477,1333
5478,659
5479,1732
5480,1536
5481,1527
5482,827
5483,1577
5484,678
5485,806
5486,2657
5487,1058
5488,1023
5489,1129
5490,752
5491,1274
5492,1015
5493,1380
5494,1396
5495,1805
5496,714
5497,698
5498,737
5499,1291
5500,2403
5501,1613
5502,1252
5503,1156
5504,1152
5505,821
5506,1275
5507,1456
5508,1031
5509,762
5510,971
5511,1036
5512,1494
5513,1277
5514,1960
5515,980
5516,815
5517,2125
5518,2789
5519,938
5520,1301
5521,1972
5522,1427
5523,1258
5524,1195
5525,878
5526,1224
5527,761
5528,1391
5529,1319
5530,1258
5531,799
5532,196
5533,1068
5534,1654
5535,927
5536,994
5537,1038
5538,740
5539,712
5540,795
5541,710
5542,1270
5543,675
5544,2013
5545,1472
5546,1364
5547,1634
5548,891
5549,1858
5550,1408
5551,885
5552,1155
5553,640
5554,1113
5555,1263
5556,2101
5557,1029
5558,902
5559,1004
5560,1331
5561,963
5562,1031
5563,1153
5564,541
5565,1278
5566,1042
5567,1394
5568,1063
5569,988
5570,2469
5571,1162
5572,987
5573,839
5574,1159
5575,664
5576,1503
5577,574
5578,816
5579,1308
5580,1667
5581,742
5582,1114
5583,927
5584,976
5585,948
5586,1233
5587,1393
5588,1293
5589,1368
5590,1049
5591,702
5592,983
5593,1427
5594,893
5595,666
5596,2398
5597,1426
5598,648
5599,1043
5600,1087
5601,1007
5602,912
5603,826
5604,1078
5605,1881
5606,1610
5607,1906
5608,1332
5609,1445
5610,1392
5611,1128
5612,1939
5613,1526
5614,996
5615,1116
5616,1681
5617,1340
5618,1387
5619,1719
5620,1450
5621,1709
5622,1889
5623,1321
5624,2464
5625,778
5626,1160
5627,1368
5628,718
5629,2127
5630,670
5631,2372
5632,1247
5633,1419
5634,946
5635,1158
5636,1388
5637,1347
5638,973
5639,5791
5640,1401
5641,1271
5642,1173
5643,941
5644,1075
5645,6288
5646,766
5647,1932
5648,1771
5649,1582
5650,2027
5651,1838
5652,1165
5653,1316
5654,1091
5655,932
5656,499
5657,789
5658,857
5659,1063
5660,1890
5661,1004
5662,83
5801,1002
5802,893
5803,879
5804,870
5805,1393
5806,701
5807,1391
5808,1182
5809,1851
5810,1195
5811,742
5812,1248
5813,1083
5814,1822
5815,893
5816,1018
5817,937
5818,1220
5819,897
5820,1379
5821,1251
5822,1267
5823,578
5824,1609
5825,971
5826,1500
5827,1079
5828,1062
5829,1338
5830,1332
5831,998
5832,941
5833,1049
5834,771
5835,820
5836,990
5837,1694
5838,814
5839,1771
5840,1421
5841,613
5842,1029
5843,1317
5844,1622
5845,745
5846,848
5847,654
5848,1897
5849,1229
5850,963
5851,1372
5852,1017
5853,767
5854,846
5855,1045
5856,1496
5857,1569
5858,853
5859,965
5860,1393
5861,2207
5862,1073
6001,614
6002,2307
6003,680
6004,892
6005,780
6006,919
6007,717
6008,1065
6009,636
6010,659
6011,228
6012,494
6013,327
6014,1140
6015,1128
6016,961
6017,931
6018,979
6019,915
6020,752
6021,1155
6022,1057
6023,441
6024,988
6025,435
6026,834
6027,643
6028,872
6029,676
6030,608
6031,718
6032,847
6033,1005
6034,994
6035,823
6036,717
6037,858
6038,1130
6039,990
6040,1046
6041,861
6042,644
6043,649
6044,480
6045,1039
6046,1323
6047,1239
6048,932
6049,1390
6050,480
6051,1117
6052,815
6053,1153
6054,1292
6055,603
6056,931
6057,1053
6058,538
6059,1751
6060,692
6061,963
6062,680
6063,640
6064,1057
6065,1538
6066,899
6067,1395
6068,1042
6069,808
6070,1392
6071,581
6072,720
6073,699
6074,814
6075,985
6076,1213
6077,548
6078,754
6079,1033
6080,1305
6081,1015
6082,578
6083,708
6084,874
6085,1375
6086,520
6087,1250
6088,930
6089,1104
6090,1257
6091,799
6092,1031
6093,786
6094,689
6095,1190
6096,2081
6097,1207
6098,786
6099,961
6100,1007
6101,695
6102,1280
6103,683
6104,1134
6105,651
6106,624
6107,882
6108,729
6109,639
6110,1529
6111,1724
6112,933
6113,1112
6114,470
6115,658
6116,917
6117,641
6118,786
6119,658
6120,877
6121,586
6122,1099
6123,892
6124,2121
6125,922
6126,1678
6127,554
6128,554
6129,729
6130,537
6131,779
6132,1071
6133,637
6134,758
6135,605
6136,889
6137,1198
6138,710
6139,2059
6140,1127
6141,558
6142,793
6143,584
