Intersection_ID,ID,GEOID,BG_TOTAL_AREA,INTERSECTION_TOTAL_AREA,INTERSECTION_LAND_AREA,BG_LAND_AREA,num_roof,rooftop_pct
9161,4436,250235601004,10209657.5966588,10017802.3328072,10017802.3328072,10209657.5966589,1049,0.9980970504281637
4397,2537,250235232011,2582328.5804069,1663699.09032749,1663699.09032753,2555892.13030428,270,0.46551724137931033
4881,2559,250235251041,8589527.10987991,7111939.51830947,7070098.71064444,8547587.20875985,969,0.9416909620991254
7033,4387,250235401031,17289261.7822618,17221940.8404022,16451130.7938121,16517943.7000192,1342,1
3923,1873,250235202021,2460250.3266536,2460188.96033536,2439560.36675227,2439619.71210142,396,1
3919,1873,250235202013,2479243.28910976,1391295.45560367,1391295.45560368,2479243.28910943,412,0.5261813537675607
3995,1877,250235202023,3193311.26796263,1181997.7898269,1181997.78982689,3193311.26796273,377,0.5
7597,4397,250235422001,24876294.6688727,24826635.1802809,24472702.1806625,24482754.2973421,1432,1
4439,2538,250235232012,7167284.75569998,2589125.1335759,2582392.44270439,7160552.06482848,293,0.3496420047732697
7017,4386,250235401021,30802728.0401188,30775450.7068351,15382169.7850383,15383694.2795651,1911,1
5173,2571,250235252042,9073736.32447808,5226361.91736013,5165863.06632331,8982808.52950566,399,0.43991179713340683
6932,4383,250235401011,10723186.3632967,10708429.5033245,10498878.3480794,10513635.208051,791,1
5131,2560,250235251043,4637124.00660593,4217685.67249422,4217685.67249436,4637124.0066051,861,0.9228295819935691
4349,2537,250235231001,6010871.78002893,1137073.55299632,1135216.00513878,5954615.60428829,346,0.33205374280230326
4772,2557,250235251012,14511928.9388706,8021968.66765026,6395721.88047162,12853327.2318279,271,0.23503902862098872
5137,2565,250235251044,1076026.64659585,348497.359389265,348497.359389276,1032457.06492967,253,0.5938967136150235
3886,1878,250235201004,1830549.97121837,1477529.94020052,1477529.94020047,1818609.52260382,606,0.8833819241982507
9413,2570,250235614002,2509703.28682512,996133.835983746,944279.556005029,2411431.6275232,203,0.4319148936170213
4347,2544,250235231001,6010871.78002893,3163220.67906269,3144965.84038611,5954615.60428829,370,0.3550863723608445
401,1890,250235021011,2140359.03829719,718211.013053104,718211.013053094,2140359.03829708,324,0.3985239852398524
181,1861,250235011024,6362703.33020746,1275656.39263139,1275656.3926315,6199564.50217838,252,0.2978723404255319
7290,4392,250235421011,19911884.7463462,19911319.5943732,19722001.3031278,19722566.455101,1075,1
723,1894,250235031012,3973376.43846637,1525120.88543069,1525120.88543083,3973376.43846676,242,0.3283582089552239
730,1894,250235031014,3679824.02778817,525552.405329864,514288.252707213,3661244.27173287,101,0.14852941176470588
212,1868,250235012011,3351986.57698807,2937862.03368531,2924996.77256391,3339121.31586616,474,0.7371695178849145
4283,2648,250235221021,16056363.190809,9618397.77156968,9357768.08982446,15314610.7240401,676,0.5582163501238646
68,1860,250235011012,4109231.7182675,1490367.65454101,1435033.86608659,3954668.84447645,364,0.48663101604278075
7151,4390,250235411002,39671694.0430267,39669419.9472244,34661375.0254988,34662059.8810002,1551,1
81,1858,250235011012,4109231.7182675,73515.5891979073,69990.2756742734,3954668.84447645,45,0.06016042780748663
4473,2540,250235232031,7852679.04590275,5216122.02255164,5216122.02255157,7852679.04590327,600,0.6451612903225806
425,1888,250235021012,586828.844400799,439192.138966735,439192.138966771,586828.844400807,293,0.6766743648960739
771,1896,250235031022,6326942.00355741,5811944.08371227,5606967.29685943,6121746.58801252,744,0.8996372430471584
368,1867,250235012041,11033829.025308,2983624.15433687,2923086.18379749,10722845.9224481,519,0.3649789029535865
36,1849,250235001041,1000278.69870328,638825.999433115,561424.302351499,851659.764979231,610,0.9090909090909091
4237,2651,250235221013,5417508.76503743,3913094.17782344,3643292.36827994,4751904.35040787,884,0.9141675284384695
288,1862,250235012012,4723766.43582829,4116943.53890485,4049736.0574697,4617316.68971557,995,0.9045454545454545
4337,2647,250235221023,7973968.46641485,2317855.83955738,2282042.51583071,7816530.39332224,111,0.09728308501314636
48,1851,250235001042,648807.400899832,98962.9320143035,63793.4112322689,510182.781923351,34,0.07407407407407407
51,1851,250235001043,298651.518232017,297038.44180395,263540.890965129,264654.030042328,439,1
3834,1880,250235201003,3430660.76751587,1288712.33653772,1288712.33653766,3430660.76751567,301,0.386392811296534
6933,4384,250235401012,8972174.96974305,8945289.25018224,8671098.00647765,8697983.72603793,975,0.9979529170931423
4342,2646,250235221023,7973968.46641485,4761278.66618175,4658800.90174965,7816530.39332224,809,0.7090271691498685
56,1850,250235001044,564441.380132696,563706.443837932,501493.526572323,501498.959835622,663,1
6986,4385,250235401013,4372760.84380987,4334857.84349424,4306111.74833906,4323447.21214188,678,1
4561,2540,250235232042,5919455.77754215,2082700.4024282,2082700.40242814,5919455.77754118,267,0.326007326007326
2,1848,250235001012,419685.645439068,418496.096759725,363171.411835605,363476.034724892,433,1
1,1848,250235001011,2772992.19864899,2398930.59923297,2092496.25963066,2092496.25963066,875,1
7686,4398,250235422002,20177099.8683882,20167307.5381013,19988094.769079,19997438.2248548,1723,0.9982618771726536
7925,4405,250235423013,432587.225601328,432586.613862678,432586.613862827,432587.225601367,266,1
4486,2542,250235232032,7801127.92530584,5362041.89084005,4780481.27918297,7219394.89442522,875,0.7729681978798587
431,1885,250235021012,586828.844400799,147503.541183971,147503.541183988,586828.844400807,140,0.3233256351039261
7445,4394,250235421013,17829549.3490154,17829546.392281,17318060.3789152,17318063.3356494,1246,1
1045,1904,250235041012,3786541.89026801,529664.160486758,529664.160486785,3568584.03206694,228,0.3352941176470588
534,1883,250235022003,4465308.14552537,4446156.78741869,4446156.78741858,4465236.74985578,1101,0.9990925589836661
9438,2567,250239802001,7179410.36500559,5292430.11271628,4988367.76451099,6859883.23243799,101,0.9711538461538461
7819,4399,250235422003,5116589.6458953,5116589.64589316,5084927.75609589,5084927.75609808,984,1
114,1861,250235011021,1000901.73835828,961678.91979427,961678.919794216,1000901.73835841,470,0.9362549800796812
726,1893,250235031013,4260268.45463882,4204238.05364879,4204238.05364893,4260268.45463934,735,1
1058,1904,250235041013,5485787.87631844,796711.363583738,790771.744075579,5376787.00301532,160,0.2069857697283312
70,1861,250235011012,4109231.7182675,73193.7866132028,73193.7866132152,3954668.84447645,59,0.07887700534759358
7981,4404,250235423023,1768656.28062262,1764342.08031506,1737188.27497745,1741500.93997027,578,1
12,1849,250235001013,544586.502854642,544146.043347749,490533.593447667,490691.701158992,736,1
168,1853,250235011023,1542942.25303744,1542785.22530161,1537747.40839575,1537904.43613154,921,1
7525,4396,250235421021,34869846.8085623,34810823.7291651,29791541.6627262,29797306.9888574,1410,1
7908,4400,250235423011,1371802.67525319,1371802.67525228,1337941.97875156,1337941.97875192,567,1
355,1864,250235012041,11033829.025308,3244231.68199534,3013494.07590602,10722845.9224481,441,0.310126582278481
4658,2561,250235251011,7826911.70189687,4136150.02304774,4125248.37295542,7813195.52827938,697,0.7207859358841778
4965,2572,250235251042,2730484.18974951,1009139.41299441,961032.340906713,2653348.32206617,243,0.4764705882352941
4350,2543,250235231001,6010871.78002893,1710218.14910268,1674074.35989766,5954615.60428829,326,0.31285988483685223
8648,4416,250235451003,14666462.6938977,14661090.7542759,13334118.2575232,13339098.2418098,1500,1
4825,2563,250235251013,1760929.26783999,594777.309900562,594777.309900559,1753613.2242691,261,0.361997226074896
8682,4417,250235451004,3987505.37372565,3986771.30710423,2913396.92186004,2913397.58699698,1133,1
9115,4430,250235454005,3140494.03624674,2624023.44015673,2160575.65321476,2164157.77784284,1327,0.9992469879518072
9411,2568,250235614002,2509703.28682512,1389281.14811425,1347531.44744091,2411431.6275232,242,0.5148936170212766
4426,2539,250235232011,2582328.5804069,206463.21763588,203969.147353081,2555892.13030428,71,0.12241379310344827
9417,2568,250235614003,1318785.46191567,1250117.07535612,1250029.86384578,1314617.7544672,446,0.971677559912854
4821,2568,250235251013,1760929.26783999,94206.6190163654,92935.8662552728,1753613.2242691,12,0.016643550624133148
5139,2563,250235251044,1076026.64659585,170557.121908671,170557.12190863,1032457.06492967,70,0.1643192488262911
3970,1877,250235202022,6080597.16393762,2933551.72631724,2881711.75784798,5685752.85520964,598,0.8180574555403557
4725,2558,250235251012,14511928.9388706,6488600.17945969,6457235.58429043,12853327.2318279,882,0.7649609713790113
386,1862,250235012042,2910630.9591483,1959175.93057473,1959175.93057471,2910534.30449784,208,0.6582278481012658
4949,2566,250235251042,2730484.18974951,1720925.26731181,1691896.47171614,2653348.32206617,267,0.5235294117647059
4428,2537,250235232012,7167284.75569998,4576635.54576244,4576635.54576249,7160552.06482848,545,0.6503579952267303
7092,4388,250235401032,21387923.6820416,21307644.3313056,21231439.0716891,21297978.902583,925,1
4390,2542,250235231002,3226482.31748177,2053228.15172078,2039885.69579438,3199208.97477308,273,0.5896328293736501
4559,2538,250235232042,5919455.77754215,2816647.73447748,2816647.73447721,5919455.77754118,407,0.49694749694749696
3922,1874,250235202013,2479243.28910976,1087943.26772414,1087943.26772403,2479243.28910943,371,0.47381864623243936
8965,4423,250235453003,3204830.42348897,3204829.14907887,1305418.16181085,1305419.43622095,886,1
8940,4422,250235453001,3351813.77066562,3351813.77066386,2792670.92074894,2792670.92074922,1303,1
9010,4429,250235454002,14174950.9724273,14174902.0436237,4476365.36349005,4476414.29229329,1034,1
9199,4431,250235601005,10464364.4841056,10460762.302289,5762588.48840619,5765807.01272783,905,0.9988962472406181
2226,2656,250235081014,7307405.44455817,3107364.63553189,2914620.74371339,6914804.80228275,502,0.490234375
9325,4440,250235611004,16216880.5289615,16214264.9640861,16167272.6451582,16169675.9619733,584,1
1415,1914,250235051042,734771.303217249,734771.105110894,703162.214514227,703162.412620614,663,1
1813,2661,250235071011,6874197.81924754,1758200.03749883,1758200.03749882,6724255.30907886,276,0.2881002087682672
1644,2637,250235061041,7808433.12414829,7806160.84607936,7661767.04675294,7661894.16454472,891,1
1413,1914,250235051041,2088884.52047726,2024810.93905794,2024810.93905793,2088884.5204774,471,0.9671457905544147
1932,2667,250235071034,3249898.45867758,2479587.7789656,2389417.58632882,3116121.4157162,554,0.7847025495750708
4415,2538,250235232011,2582328.5804069,712100.325054393,688157.945234387,2555892.13030428,239,0.41206896551724137
2113,2653,250235081011,5846943.23145737,2143077.09404981,1555101.38486755,5097457.1182801,478,0.5352743561030235
7214,4391,250235411003,25809876.2516237,25809868.9144141,25186679.8459278,25186687.1831368,898,1
2258,2653,250235081021,3141928.15485895,3037023.26788211,2819785.29720326,2896510.59624831,859,0.9761363636363637
3918,1875,250235202012,1506995.95970748,180987.569765013,180987.569765006,1506995.95970743,108,0.20454545454545456
459,1887,250235021021,1808788.70769637,1808719.63911807,1808719.63911805,1808788.7076965,743,1
412,1888,250235021011,2140359.03829719,685474.2412203,685474.2412203,2140359.03829708,440,0.5412054120541205
367,1865,250235012041,11033829.025308,678142.07699365,678142.076993679,10722845.9224481,54,0.0379746835443038
2115,2652,250235081011,5846943.23145737,3407989.48250956,3401197.45541794,5097457.1182801,323,0.3617021276595745
1033,1906,250235041011,16314247.6008171,11078715.6667254,10979724.4588765,16215256.3929696,704,0.5881370091896407
2324,2655,250235082003,7166123.475122,7149746.05815464,7009809.54341024,7026126.103099,905,0.9988962472406181
9380,4441,250235611005,3509486.99786566,3427814.29716204,3285668.4632048,3328279.5197695,426,1
3913,1882,250235202012,1506995.95970748,506827.983139434,506827.983139435,1506995.95970743,234,0.4431818181818182
1135,1908,250235041023,10046542.3134997,7249826.32747863,7249826.32747887,10046542.3135003,622,0.6996625421822272
1670,2637,250235061042,8549360.3479568,6892951.76248807,6889495.69250793,8545904.2779756,959,0.7647527910685805
5140,2571,250235252041,6653896.00477194,3119111.56142023,3073937.11512588,6439792.54649309,555,0.6257046223224352
9253,4437,250235611001,37909328.4441597,37869388.71048,10934969.7208933,10974909.4545697,1191,0.9974874371859297
990,1907,250235041011,16314247.6008171,5233605.5057667,5233605.50576677,16215256.3929696,493,0.4118629908103592
1066,1907,250235041021,7509036.70999936,7491197.82855488,7379199.13424518,7397038.01568915,802,1
1363,1912,250235051023,8375929.23304649,8375498.78343767,8362197.85058291,8362598.59790601,700,1
2311,2656,250235082002,9960733.07778549,6144249.57176262,6144249.57176247,9894668.45353341,788,0.6239113222486145
579,1899,250235031011,7219140.36231127,1565456.59072132,1565456.59072131,7213376.26473649,120,0.12307692307692308
825,1897,250235031023,1849286.25893123,1268638.11424471,1268638.11424467,1849286.25893095,236,0.5756097560975609
1037,1906,250235041012,3786541.89026801,1731905.91844324,1618423.85595423,3568584.03206694,125,0.18382352941176472
4250,2649,250235221021,16056363.190809,3237022.82318548,2988672.72137815,15314610.7240401,239,0.19735755573905864
4186,2649,250235221011,4475081.22564196,4273167.40656591,4071949.71683293,4211214.12013358,888,0.9631236442516269
8759,4419,250235452002,3534018.34797978,3515276.85633937,2908475.82745264,2927007.19645997,1009,0.9970355731225297
753,1895,250235031021,3962013.26201275,3609493.03354905,3602086.90757546,3954607.13603881,573,0.9009433962264151
2278,2654,250235081022,4008059.78679469,3998316.07319939,3193389.77141018,3196747.16061895,1010,0.9990108803165183
2228,2657,250235081014,7307405.44455817,858640.560219295,858640.560219275,6914804.80228275,86,0.083984375
152,1857,250235011022,2738815.08936017,1436739.49331841,1436739.4933184,2649517.46865683,605,0.6013916500994035
721,1895,250235031012,3973376.43846637,2420279.66180324,2420279.66180324,3973376.43846676,495,0.6716417910447762
1849,2661,250235071012,4100926.6335649,4100450.08262074,3977466.24816598,3977869.71677504,511,1
1550,2636,250235061023,4211304.63556332,4211116.08612355,4211116.08612368,4211304.63556335,483,1
9111,4427,250235454004,1412839.06602734,1412839.06602681,1088193.59991299,1088193.59991324,569,1
1906,2664,250235071031,2728703.63580614,828195.711523613,828195.711523671,2728703.63580631,114,0.19387755102040816
8525,4414,250235451001,7530699.04778375,7497535.18106486,7369813.3952588,7402977.261978,1148,1
1875,2660,250235071013,14077122.1848227,10581567.9201681,10378165.1105915,13856921.9432906,566,0.6844014510278114
1434,1915,250235052012,7732342.13106696,4251446.66347258,4216744.06672743,7345684.00232087,401,0.4252386002120891
1777,2640,250235062052,991651.037088451,991647.327566287,975556.176479578,975556.176479578,670,1
1450,1916,250235052023,2031906.96483637,2027512.44126841,1934536.28231528,1938717.03627982,692,1
1997,2667,250235071042,6054730.03640098,245227.72613532,236221.944859903,5812051.30555315,79,0.10807113543091655
1579,2638,250235061026,2038145.40163616,1738385.3121779,1738385.31217792,2038145.40163624,215,0.8847736625514403
1361,1913,250235051022,2496080.43849168,2171658.41063767,2171658.41063773,2496080.43849175,689,0.8890322580645161
1435,1916,250235052012,7732342.13106696,3479557.13100776,3128847.54598441,7345684.00232087,542,0.574761399787911
1819,2662,250235071011,6874197.81924754,5113406.44358854,4963463.93341923,6724255.30907886,682,0.7118997912317327
1452,2636,250235061021,3895734.9082479,3892976.03352405,3859296.86744192,3861242.64551016,478,1
580,1894,250235031011,7219140.36231127,4454688.48743296,4454688.48743304,7213376.26473649,771,0.7907692307692308
9149,4435,250235601003,17481899.9574413,17347302.0843222,17305417.0598958,17439969.8304305,752,1
5196,2572,250235252042,9073736.32447808,3846462.70122466,3816152.36810444,8982808.52950566,508,0.5600882028665931
1406,1910,250235051031,5086080.89634352,5053360.63758591,4567771.04001616,4568571.22229948,895,1
9302,4439,250235611003,5547592.16374389,5545003.52115269,3878386.91555629,3880964.89575521,692,1
965,1897,250235031025,5310406.95244185,5302139.21709239,5302139.21709242,5310406.95244183,1008,1
9214,4432,250235601006,6770817.94676685,6752988.14207045,1810785.73723141,1824319.95272621,673,0.9882525697503671
3866,1877,250235201004,1830549.97121837,257041.615087293,245130.127561302,1818609.52260382,62,0.09037900874635568
1443,1915,250235052022,3473382.36742677,779249.992332136,779249.992332145,3473382.36742649,188,0.16476774758983348
1776,2640,250235062051,901653.329602841,886766.219409318,885068.401851468,899679.755567313,641,0.993798449612403
8778,4420,250235452003,9605638.30364576,9605218.95791564,9021510.68774023,9021930.03347009,1120,1
7131,4389,250235411001,27844050.5328923,27830037.723743,27100593.7819359,27114606.5910855,1240,1
2310,2653,250235082002,9960733.07778549,1337717.34607449,1284920.57027328,9894668.45353341,247,0.1955661124307205
2306,2655,250235082001,6682521.02885964,4655405.67587819,3225571.32416377,4971508.60041574,465,0.7198142414860681
1501,2636,250235061022,8980708.1283453,8977924.85419005,8785201.9211514,8785249.9893781,610,1
1994,2666,250235071042,6054730.03640098,5431141.74030872,5197945.43337199,5812051.30555315,639,0.8741450068399452
1795,2644,250235062063,608336.602338007,608336.602338073,607731.457774722,607731.457774722,820,1
1767,2645,250235062033,3365113.71128657,2434667.13301457,2412386.06492772,3329617.7855899,1048,0.9484162895927601
9002,4428,250235454001,14279324.5569951,14279141.4648187,7359473.58561434,7359656.6777896,748,1
4210,2651,250235221012,1995473.00717108,1995281.73257436,1987261.02411234,1987391.02085107,392,1
1449,1913,250235052022,3473382.36742677,966711.151083146,966711.15108316,3473382.36742649,335,0.2936021034180543
1931,2665,250235071034,3249898.45867758,770310.679711971,726703.829387379,3116121.4157162,152,0.21529745042492918
1626,2639,250235061032,5088342.08709813,5083561.26912781,5069701.4011083,5070203.77800913,765,1
1431,1917,250235052011,1335727.22366431,1323599.5827738,1171075.65610214,1171164.37972622,787,1
8714,4418,250235452001,2263455.02712496,2263450.57882297,1979619.92770656,1979624.37600831,457,1
4509,2542,250235232041,4852363.89463085,1094270.50371662,1055105.30652232,4803819.08904741,174,0.17540322580645162
729,1893,250235031014,3679824.02778817,3153975.63817744,3146660.03474484,3661244.27173287,579,0.8514705882352941
289,1863,250235012012,4723766.43582829,590440.590195055,551204.495822087,4617316.68971557,101,0.09181818181818181
100,1861,250235011013,897933.923558163,672907.282068744,672907.282068698,897933.923558317,281,0.7113924050632912
7917,4401,250235423012,866015.879356449,866015.879356183,862910.944721582,862910.944721971,445,1
498,1891,250235022001,3631588.44970806,1401881.53445736,1401881.53445743,3524782.1033732,81,0.14862385321100918
302,1868,250235012031,13355955.3007752,11842989.3748112,11677246.7870595,13190013.6260289,313,0.6879120879120879
497,1892,250235022001,3631588.44970806,1531951.30625709,1425222.86385104,3524782.1033732,355,0.6513761467889908
69,1859,250235011012,4109231.7182675,2472054.3065651,2376350.5347526,3954668.84447645,280,0.37433155080213903
7505,4395,250235421014,8396341.81627157,8396341.81626946,7574664.46422042,7574664.46422278,634,1
5149,2569,250235252041,6653896.00477194,3528131.16766475,3359202.30164439,6439792.54649309,332,0.3742953776775648
182,1856,250235011024,6362703.33020746,3125783.33007355,3096852.69479536,6199564.50217838,375,0.4432624113475177
118,1858,250235011022,2738815.08936017,639577.247568168,550279.626865024,2649517.46865683,187,0.18588469184890655
4650,2557,250235251011,7826911.70189687,3375536.87866861,3375536.87866853,7813195.52827938,109,0.11271975180972078
456,1884,250235021014,785690.082768862,676148.147486094,676148.147486095,785690.082768891,379,0.8459821428571429
4474,2541,250235232031,7852679.04590275,2636418.2917514,2636418.29175137,7852679.04590327,330,0.3548387096774194
3773,1881,250235201001,2705342.63332234,1823322.84244918,1721476.82088267,2553670.29767704,558,0.6384439359267735
9400,2569,250235614001,4837201.27869076,2837788.95979955,2763405.23724966,4611906.38160406,974,0.6643929058663028
4504,2541,250235232032,7801127.92530584,2438206.69998412,2438206.69998403,7219394.89442522,257,0.22703180212014135
213,1860,250235012011,3351986.57698807,412282.258382887,412282.258382821,3339121.31586616,169,0.26283048211508553
37,1850,250235001041,1000278.69870328,205127.703415798,161951.362910073,851659.764979231,59,0.08792846497764531
2293,2654,250235081023,3087506.3388357,3086797.25348724,2665814.65660721,2666487.09317937,639,1
9096,4426,250235454003,1006568.24863207,1006568.24863128,935121.269165636,935121.269166341,465,1
387,1863,250235012042,2910630.9591483,472853.784619233,472853.784619259,2910534.30449784,97,0.3069620253164557
2112,2654,250235081011,5846943.23145737,295484.609358136,140767.674107337,5097457.1182801,92,0.10302351623740201
411,1887,250235021011,2140359.03829719,735044.511592612,735044.511592574,2140359.03829708,49,0.06027060270602706
1052,1905,250235041013,5485787.87631844,1390907.79676642,1390907.79676639,5376787.00301532,417,0.5394566623544631
347,1863,250235012032,2829905.53980402,1622855.68298255,1585134.2821857,2760082.26702543,426,0.7244897959183674
4261,2647,250235221021,16056363.190809,576704.424050547,465426.158786075,15314610.7240401,54,0.04459124690338563
475,1886,250235021022,5521628.67878983,4757650.14260515,4757650.14260518,5521628.67879045,685,0.8638083228247163
31,1851,250235001031,1215467.0544369,775540.484878774,761751.842956575,1176633.91811314,255,0.6455696202531646
64,1859,250235011011,3134634.77251375,2939061.03131455,2814531.59000936,3009911.40103861,662,0.9376770538243626
4391,2544,250235231002,3226482.31748177,855063.08082235,841133.234231553,3199208.97477308,141,0.3045356371490281
3835,1879,250235201003,3430660.76751587,2102839.04322669,2102839.04322665,3430660.76751567,469,0.6020539152759948
827,1896,250235031023,1849286.25893123,580494.546635401,580494.546635338,1849286.25893095,174,0.424390243902439
363,1866,250235012041,11033829.025308,2704764.83138558,2704764.83138558,10722845.9224481,119,0.08368495077355836
47,1850,250235001042,648807.400899832,549844.468885633,446389.370691082,510182.781923351,425,0.9259259259259259
4301,2647,250235221022,4829871.71789842,2916376.74163643,2916376.74163638,4829871.7178983,356,0.6379928315412187
1050,1906,250235041013,5485787.87631844,1529156.75495459,1529156.75495455,5376787.00301532,86,0.111254851228978
7954,4403,250235423022,3570828.32163616,3568265.24326778,3437224.26682017,3439787.34518898,676,1
366,1863,250235012041,11033829.025308,1421857.69594468,1402194.19699203,10722845.9224481,289,0.20323488045007032
479,1887,250235021023,1843292.49149136,566328.562060389,566328.562060367,1843292.49149147,178,0.36400817995910023
116,1857,250235011021,1000901.73835828,39176.5019859042,39176.5019859006,1000901.73835841,32,0.06374501992031872
1928,2667,250235071033,2700123.03249526,1058116.03543777,1045434.63311182,2667397.59332022,366,0.5343065693430656
4519,2539,250235232041,4852363.89463085,3757936.69084247,3748557.08245349,4803819.08904741,818,0.8245967741935484
4815,2565,250235251013,1760929.26783999,16525.1247181336,16525.1247181278,1753613.2242691,18,0.024965325936199722
4824,2562,250235251013,1760929.26783999,828278.72441936,822329.252377391,1753613.2242691,319,0.44244105409153955
4311,2651,250235221023,7973968.46641485,890847.304082794,871708.804608522,7816530.39332224,221,0.1936897458369851
551,1889,250235022004,1567419.76402989,1323669.5583886,1323669.55838862,1567419.76402992,413,0.9407744874715261
7948,4402,250235423021,2420128.65253495,2420128.65253399,2367948.88876782,2367948.88876869,316,1
1038,1905,250235041012,3786541.89026801,1524905.67712276,1420429.88141054,3568584.03206694,327,0.4808823529411765
207,1855,250235011024,6362703.33020746,132630.802931923,132630.802931907,6199564.50217838,7,0.008274231678486997
447,1885,250235021013,1619652.3330591,1448036.45275884,1323289.04585344,1494904.92615372,484,0.8175675675675675
3803,1879,250235201002,1139261.38476879,394355.257630306,394355.257630285,1139261.38476887,254,0.5934579439252337
8581,4415,250235451002,4673832.34130846,4673779.54106398,4647419.97293568,4647472.77317974,551,1
1747,2643,250235062032,4963872.72539079,3272279.62055972,3175941.68219238,4792954.29467925,254,0.4205298013245033
1732,2641,250235062031,4170815.33818498,4112965.37822886,4028781.46240032,4049741.30514423,804,1
2039,2664,250235071043,4387926.56889801,4372461.2272934,4144997.45284962,4160233.8398407,450,1
1669,2639,250235061042,8549360.3479568,1656406.99579884,1656406.99579887,8545904.2779756,295,0.23524720893141945
57,1860,250235011011,3134634.77251375,195156.502466664,195156.502466682,3009911.40103861,44,0.06232294617563739
3998,1876,250235202023,3193311.26796263,1926157.2563859,1926157.25638583,3193311.26796273,336,0.44562334217506633
477,1886,250235021023,1843292.49149136,1276885.76206316,1276885.7620633,1843292.49149147,311,0.6359918200408998
2233,2658,250235081014,7307405.44455817,2324119.64540166,2124262.89494543,6914804.80228275,376,0.3671875
8968,4424,250235453004,2191875.99254862,2191874.18455235,1902339.83074854,1902341.63874472,763,1
770,1897,250235031022,6326942.00355741,285713.705457618,285713.705457648,6121746.58801252,58,0.07013301088270858
9139,4433,250235601001,17354434.3342268,16465454.4605186,8609417.24677662,9343259.08194696,965,0.8960074280408542
7365,4393,250235421012,45306798.4819755,45290035.8855709,44784458.8659352,44801221.4623415,1467,1
1568,2638,250235061025,3224601.52054371,2933204.68505643,2933204.685056,3224601.52054344,263,0.8976109215017065
1407,1911,250235051032,2875086.63224418,1850391.94037472,1815895.69987987,2803103.16290971,410,0.6655844155844156
1442,1913,250235052021,2124546.23240768,1123214.18728159,1039282.21815752,1874590.03336439,164,0.4530386740331492
9257,4438,250235611002,4570025.61692009,4540899.5686832,2237639.67903826,2237699.15602264,799,1
1388,1912,250235051024,3050683.02627416,1647847.06573039,1632848.10138148,3023200.17665721,208,0.5488126649076517
3917,1874,250235202012,1506995.95970748,759727.55130267,759727.551302633,1506995.95970743,184,0.3484848484848485
8844,4421,250235452004,29395223.3595309,29390325.7334928,27436122.6902639,27441008.1244532,1337,1
1213,1909,250235041024,5275236.93904481,3744846.34255127,3744846.34255117,5271153.29042159,469,0.9019230769230769
9144,4434,250235601002,327357.880659693,327357.8806595,327357.880659502,327357.880659673,308,1
501,1890,250235022002,2241740.67870842,1175996.4469733,1175996.44697341,2241740.67870818,227,0.33480825958702065
34,1852,250235001032,1071494.00926084,986830.024788721,674587.570161098,709631.866764921,432,0.993103448275862
1387,1915,250235051024,3050683.02627416,1402791.69724894,1390307.81198071,3023200.17665721,171,0.45118733509234826
1672,2642,250235062021,7685950.76266189,4847074.74150407,4796857.4255193,7511905.10517369,574,0.5256410256410257
1935,2663,250235071041,10197152.2572514,6200198.24502019,6038321.40767285,9995708.0905243,734,0.7203140333660452
3897,1882,250235202011,1562721.57186672,1562583.00315257,1562583.00315266,1562721.57186713,361,1
1908,2665,250235071031,2728703.63580614,1552989.00772135,1552989.00772135,2728703.63580631,393,0.6683673469387755
1417,1914,250235051043,1430980.68001965,1430980.68001972,1389369.96192473,1389369.96192473,1103,1
1914,2664,250235071032,1798348.50955374,1029549.97365253,930918.1416118,1699716.67751314,173,0.36041666666666666
1751,2645,250235062032,4963872.72539079,1616047.45422098,1591700.93248912,4792954.29467925,350,0.5794701986754967
1558,2638,250235061024,1146914.95747118,664432.802361402,664432.802361388,1146914.9574711,188,0.6619718309859155
1127,1909,250235041023,10046542.3134997,2796598.74334193,2796598.74334188,10046542.3135003,267,0.30033745781777277
8952,4425,250235453002,1343627.28134898,1340273.56820113,1009654.49275004,1009654.82914739,888,1
1913,2667,250235071031,2728703.63580614,347450.861217323,347450.861217294,2728703.63580631,81,0.1377551020408163
5136,2566,250235251044,1076026.64659585,549815.248865875,510406.415994699,1032457.06492967,103,0.24178403755868544
1794,2640,250235062062,2002632.19019632,390999.926117891,390999.926117927,1931396.75100343,91,0.10544611819235226
9140,4434,250235601001,17354434.3342268,875106.51386236,720082.408356248,9343259.08194696,109,0.10120705663881151
2220,2659,250235081013,3585965.24957388,2007722.56439434,2007722.56439443,3585965.24957396,198,0.5103092783505154
2309,2655,250235082002,9960733.07778549,2478042.49642548,2464774.64797429,9894668.45353341,228,0.18052256532066507
1621,2639,250235061031,3854020.8339572,3160626.07947595,3114508.88122862,3776454.805969,405,0.6864406779661016
2159,2652,250235081012,7543473.41368885,4492679.44091853,4492679.44091846,7543473.41368894,278,0.5582329317269076
4235,2650,250235221013,5417508.76503743,1478877.27922205,1108369.88225162,4751904.35040787,83,0.08583247156153051
2042,2663,250235071044,6150704.48749591,6149942.21818046,5989390.96757184,5990153.23688744,392,1
9407,2568,250235614001,4837201.27869076,1176433.91031386,1096236.33059088,4611906.38160406,325,0.22169167803547066
1060,1903,250235041013,5485787.87631844,1027556.04310061,1027556.04310062,5376787.00301532,70,0.09055627425614489
1779,2644,250235062061,789774.408646815,789774.40864672,752144.485670494,752144.485670494,378,1
3799,1875,250235201001,2705342.63332234,852648.442258546,814750.564094537,2553670.29767704,305,0.3489702517162471
2187,2657,250235081013,3585965.24957388,1577955.20056825,1577955.20056828,3585965.24957396,190,0.4896907216494845
446,1884,250235021013,1619652.3330591,171436.420085293,171436.420085309,1494904.92615372,108,0.18243243243243243
1933,2660,250235071041,10197152.2572514,3401531.61204752,3401531.61204753,9995708.0905243,285,0.27968596663395484
1436,1915,250235052021,2124546.23240768,1001315.25911273,835291.029193353,1874590.03336439,198,0.5469613259668509
1564,2639,250235061024,1146914.95747118,460325.668402288,460325.668402385,1146914.9574711,94,0.33098591549295775
2160,2657,250235081012,7543473.41368885,2031900.21334323,2031900.21334322,7543473.41368894,170,0.3413654618473896
1921,2665,250235071033,2700123.03249526,1089710.08221206,1089710.08221213,2667397.59332022,124,0.181021897810219
1920,2666,250235071033,2700123.03249526,545343.96283231,531843.668762853,2667397.59332022,195,0.2846715328467153
2243,2658,250235081015,2682348.35318878,2383496.64168358,2350784.98694537,2649636.69845084,230,0.8679245283018868
144,1853,250235011022,2738815.08936017,317197.470759641,317197.470759617,2649517.46865683,169,0.1679920477137177
1792,2644,250235062062,2002632.19019632,1543991.83808247,1475123.52754626,1931396.75100343,720,0.8342989571263036
1700,2643,250235062021,7685950.76266189,2838538.85834032,2714710.51683659,7511905.10517369,518,0.47435897435897434
870,1898,250235031024,3894927.13947721,3889260.03352615,3889260.03352622,3894927.13947666,447,0.9977678571428571
1793,2640,250235062062,2002632.19019632,42299.8963066749,42299.8963066766,1931396.75100343,52,0.06025492468134415
9399,2571,250235614001,4837201.27869076,812676.244883883,741962.651785562,4611906.38160406,167,0.11391541609822646
504,1889,250235022002,2241740.67870842,1065713.18630287,1065713.18630287,2241740.67870818,451,0.6651917404129793
3802,1880,250235201002,1139261.38476879,744827.371680534,744827.371680509,1139261.38476887,174,0.40654205607476634
1623,2637,250235061031,3854020.8339572,672158.44651903,660243.92871852,3776454.805969,185,0.3135593220338983
171,1862,250235011024,6362703.33020746,889367.510414854,872297.518043164,6199564.50217838,58,0.06855791962174941
1408,1914,250235051032,2875086.63224418,1021751.57822378,986302.173335228,2803103.16290971,206,0.3344155844155844
351,1867,250235012032,2829905.53980402,1207011.50295375,1174909.63097188,2760082.26702543,162,0.2755102040816326
1889,2662,250235071013,14077122.1848227,2594960.53377768,2594960.53377772,13856921.9432906,181,0.218863361547763
1876,2661,250235071013,14077122.1848227,900261.779786331,883484.827324057,13856921.9432906,80,0.09673518742442563
1071,1909,250235041022,6590994.52774534,4050356.0511204,3953469.6184969,6340890.1423791,265,0.5289421157684631
1349,1911,250235051021,2331611.30886728,2099904.85860598,2083266.65118782,2314559.23952381,544,0.9411764705882353
2305,2654,250235082001,6682521.02885964,1924792.39338827,1643698.32502002,4971508.60041574,158,0.24458204334365324
1444,1916,250235052022,3473382.36742677,1365036.01171379,1365036.01171389,3473382.36742649,515,0.45135845749342685
1607,2639,250235061026,2038145.40163616,183734.110998741,183734.110998753,2038145.40163624,14,0.05761316872427984
1447,1914,250235052022,3473382.36742677,362383.146318169,362383.146318164,3473382.36742649,103,0.09027169149868536
1569,2642,250235061025,3224601.52054371,291076.066872287,291076.066872233,3224601.52054344,30,0.10238907849829351
6066,2718,250235307003,14899560.6457012,14728479.432874,14635845.5249412,14774913.8504351,1306,0.9819548872180451
6151,2724,250235308011,14915174.1825856,3010923.19676508,2992838.22032973,14289884.9175079,204,0.11943793911007025
6044,2724,250235307002,7274607.82163443,4056681.54567017,4030690.02142382,7122350.17033791,578,0.8797564687975646
5731,2713,250235306002,31783640.9413127,5734951.02292787,5729536.14019158,30806792.2286111,159,0.20595854922279794
5873,2715,250235306003,45343938.3469712,2776341.67365302,2598489.15853338,42169944.9020569,135,0.1347305389221557
6734,2715,250235309032,7882466.8997569,7873116.89830719,6341790.98105218,6351140.88712243,1419,1
4621,2536,250235241022,6284670.91178955,4396311.57276785,4252616.03719089,6139572.87280982,570,0.7151819322459222
4631,2536,250235241023,2969476.9264704,128689.872019618,128689.87201962,2969476.92647034,26,0.03869047619047619
6810,2716,250235309033,6406054.55428499,5945881.06034966,5227207.92037952,5687381.41431494,926,0.9615784008307373
5339,2707,250235301001,4199637.87895657,3320296.26158341,3091998.44954412,3971340.06691707,702,0.8278301886792453
6884,2716,250235309042,4576038.42170505,4200339.84567011,2611985.04588765,2987672.35833152,674,0.9926362297496318
3936,1873,250235202022,6080597.16393762,2907869.40584751,2564866.4700685,5685752.85520964,98,0.13406292749658003
6029,2719,250235307001,7972508.17281254,7965683.7180416,7465160.13091369,7471982.56606052,1252,1
6306,2722,250235308012,8656618.18441341,3517213.18779857,3262530.39902587,8000570.57905239,529,0.4013657056145675
5671,2712,250235306001,14433400.1558702,12384195.2678668,10350320.675113,12399523.1811645,370,0.7708333333333334
5365,2706,250235301001,4199637.87895657,879284.823848881,879284.823848872,3971340.06691707,146,0.1721698113207547
5373,2705,250235301002,7026622.3294739,4736576.10167744,4685128.80956868,6919557.37864214,319,0.3368532206969377
5579,2709,250235304003,7072520.74546913,690001.830055059,690001.830055043,6559391.24455447,343,0.37161430119176597
5375,2709,250235301002,7026622.3294739,858389.003090875,858389.003090827,6919557.37864214,182,0.1921858500527983
5393,2697,250235302001,1033820.74723624,728829.478754046,728829.47875406,1033820.74723638,412,0.5770308123249299
32,1852,250235001031,1215467.0544369,439893.4614102,414882.075156565,1176633.91811314,140,0.35443037974683544
6528,2714,250235309021,14216670.3105574,8300279.46230036,7903131.58727992,13665963.2422421,933,0.820580474934037
6851,2715,250235309041,15492355.9624857,2123315.53455024,1703831.74296346,14862968.9118942,285,0.21923076923076923
4822,2564,250235251013,1760929.26783999,154723.440197285,154723.440197285,1753613.2242691,67,0.09292649098474341
495,1890,250235022001,3631588.44970806,696511.601059273,696511.601059299,3524782.1033732,109,0.2
9472,2570,250239803001,760632.692583261,618477.082963287,618477.082963294,760632.692583135,46,0.71875
4393,2543,250235231002,3226482.31748177,317093.080712006,317093.080711964,3199208.97477308,49,0.10583153347732181
4900,2567,250235251041,8589527.10987991,1477182.01542747,1477182.01542739,8547587.20875985,60,0.05830903790087463
4663,2562,250235251011,7826911.70189687,103203.542606552,103203.54260652,7813195.52827938,60,0.06204756980351603
3972,1879,250235202022,6080597.16393762,238228.845553767,238228.84555379,5685752.85520964,35,0.047879616963064295
457,1885,250235021014,785690.082768862,109392.999289151,109392.999289153,785690.082768891,69,0.15401785714285715
4310,2646,250235221022,4829871.71789842,1913336.1899374,1913336.18993743,4829871.7178983,202,0.36200716845878134
303,1860,250235012031,13355955.3007752,1512689.57513738,1512689.57513738,13190013.6260289,142,0.3120879120879121
785,1893,250235031022,6326942.00355741,228595.825559814,228595.825559821,6121746.58801252,25,0.030229746070133012
299,1856,250235012012,4723766.43582829,15723.5671042943,15723.567104291,4617316.68971557,4,0.0036363636363636364
1915,2665,250235071032,1798348.50955374,768798.53590118,768798.535901222,1699716.67751314,307,0.6395833333333333
4252,2650,250235221021,16056363.190809,1888294.80617706,1766938.1597794,15314610.7240401,186,0.15359207266721717
99,1860,250235011013,897933.923558163,109968.68771153,109968.687711527,897933.923558317,43,0.10886075949367088
1356,1911,250235051022,2496080.43849168,322534.568975825,322534.568975816,2496080.43849175,86,0.11096774193548387
1122,1907,250235041022,6590994.52774534,2507008.99482699,2387406.62499826,6340890.1423791,236,0.47105788423153694
1353,1913,250235051021,2331611.30886728,231015.338343805,231015.338343799,2314559.23952381,34,0.058823529411764705
4649,2558,250235251011,7826911.70189687,129235.890743271,129235.890743258,7813195.52827938,60,0.06204756980351603
2238,2659,250235081014,7307405.44455817,1016685.40821064,1016685.40821063,6914804.80228275,60,0.05859375
1755,2643,250235062033,3365113.71128657,928085.104093397,917006.249368746,3329617.7855899,57,0.051583710407239816
1320,1908,250235041024,5275236.93904481,1530293.62565909,1526211.31244822,5271153.29042159,51,0.09807692307692308
2245,2659,250235081015,2682348.35318878,295802.247802639,295802.247802635,2649636.69845084,35,0.1320754716981132
752,1898,250235031021,3962013.26201275,136353.045259376,136353.045259384,3954607.13603881,18,0.02830188679245283
2158,2656,250235081012,7543473.41368885,1018625.22136445,1018625.22136441,7543473.41368894,50,0.10040160642570281
4560,2539,250235232042,5919455.77754215,1019903.58993191,1019903.58993198,5919455.77754118,145,0.17704517704517705
185,1853,250235011024,6362703.33020746,341186.325964847,290149.777895643,6199564.50217838,69,0.08156028368794327
5105,2566,250235251043,4637124.00660593,419029.020529777,419029.020529775,4637124.0066051,72,0.07717041800643087
1580,2636,250235061026,2038145.40163616,115836.769798581,115836.769798557,2038145.40163624,14,0.05761316872427984
101,1858,250235011013,897933.923558163,114898.87661939,114898.876619378,897933.923558317,71,0.17974683544303796
9465,2565,250239803001,760632.692583261,139476.970148624,139476.970148632,760632.692583135,18,0.28125
4659,2568,250235251011,7826911.70189687,82585.4082048099,79770.8846795022,7813195.52827938,41,0.04239917269906929
33,1851,250235001032,1071494.00926084,77730.592299334,35044.2966038231,709631.866764921,3,0.006896551724137931
756,1899,250235031021,3962013.26201275,64238.7707911511,64238.7707911406,3954607.13603881,19,0.029874213836477988
476,1887,250235021022,5521628.67878983,763437.654850287,763437.654850277,5521628.67879045,108,0.13619167717528374
706,1901,250235031011,7219140.36231127,588856.938000648,588856.938000609,7213376.26473649,39,0.04
194,1854,250235011024,6362703.33020746,565769.20213154,531381.263098009,6199564.50217838,85,0.10047281323877069
3836,1878,250235201003,3430660.76751587,38688.9776226811,38688.9776226776,3430660.76751567,9,0.011553273427471117
760,1894,250235031021,3962013.26201275,92169.1916667013,92169.1916666704,3954607.13603881,16,0.025157232704402517
4282,2647,250235221021,16056363.190809,734602.951174104,734602.95117407,15314610.7240401,56,0.046242774566473986
4802,2566,250235251013,1760929.26783999,70447.9961493704,70447.996149358,1753613.2242691,44,0.06102635228848821
1053,1902,250235041013,5485787.87631844,741127.805394021,638066.551598796,5376787.00301532,40,0.0517464424320828
117,1861,250235011022,2738815.08936017,24925.7402650756,24925.7402650868,2649517.46865683,17,0.016898608349900597
552,1891,250235022004,1567419.76402989,243434.60021072,243434.600210698,1567419.76402992,26,0.05922551252847381
3885,1879,250235201004,1830549.97121837,95650.6663173372,95650.6663173535,1818609.52260382,18,0.026239067055393587
4189,2650,250235221011,4475081.22564196,201062.517882994,138467.872834748,4211214.12013358,34,0.0368763557483731
2721,1742,250235103001,530125.284542777,125337.641489805,125337.641489797,530125.284542869,7,0.024734982332155476
2776,1744,250235104004,146757.987841524,146733.636577771,146733.636577767,146757.987841503,237,1
3169,1746,250235109002,328787.89919202,96575.6336382441,96575.6336382404,328787.899192021,40,0.23529411764705882
3296,1778,250235112001,3158638.9016029,459589.633893222,459589.633893254,3158638.90160277,254,0.2740021574973031
9207,4431,250235601006,6770817.94676685,16275.4120565011,12337.8723474813,1824319.95272621,8,0.011747430249632892
707,1900,250235031011,7219140.36231127,609785.165747198,604036.680994015,7213376.26473649,45,0.046153846153846156
3997,1879,250235202023,3193311.26796263,85104.0420456688,85104.0420456819,3193311.26796273,41,0.054376657824933686
2761,1745,250235104003,171910.031721365,133110.984726515,133110.984726497,171910.03172133,195,0.7894736842105263
154,1855,250235011022,2738815.08936017,307584.297530586,307584.297530588,2649517.46865683,28,0.027833001988071572
2256,2654,250235081021,3141928.15485895,59293.5218054913,31113.9338736001,2896510.59624831,15,0.017045454545454544
388,1864,250235012043,761215.356357738,761214.814675467,761214.814675529,761215.356357729,18,1
7729,4392,250235422002,20177099.8683882,9334.81670246646,9334.81670246273,19997438.2248548,3,0.0017381228273464658
3772,1879,250235201001,2705342.63332234,29162.3080261073,17233.8728546172,2553670.29767704,11,0.012585812356979404
385,1864,250235012042,2910630.9591483,478494.470635569,478494.470635586,2910534.30449784,11,0.03481012658227848
754,1899,250235031021,3962013.26201275,59691.3595954245,59691.3595954147,3954607.13603881,10,0.015723270440251572
5540,2708,250235304001,4116920.62320277,2873893.75370442,2808207.57669738,3892331.95860296,828,0.773109243697479
2357,2661,250235082003,7166123.475122,16058.6566715182,16058.6566715223,7026126.103099,1,0.0011037527593818985
9408,2571,250235614002,2509703.28682512,122934.934084359,118267.255434411,2411431.6275232,25,0.05319148936170213
1412,1916,250235051041,2088884.52047726,48753.594876671,48753.5948766728,2088884.5204774,16,0.03285420944558522
2308,2653,250235082001,6682521.02885964,102226.299019216,102226.299019217,4971508.60041574,23,0.03560371517027864
2257,2655,250235081021,3141928.15485895,45565.1841427363,45565.18414273,2896510.59624831,6,0.006818181818181818
6885,2727,250235309042,4576038.42170505,375687.312443902,375687.312443865,2987672.35833152,5,0.007363770250368188
1995,2665,250235071042,6054730.03640098,337296.640247599,337296.640247478,5812051.30555315,13,0.017783857729138167
6504,2720,250235308025,1399722.83606124,1399684.13365248,1348288.51474031,1348327.21714922,717,1
5583,2709,250235304004,4522452.72942163,2440486.74895195,1821866.9150231,3172972.51231768,388,0.6381578947368421
9122,4429,250235454005,3140494.03624674,210611.706859737,3582.03667263151,2164157.77784284,1,7.530120481927711e-4
1772,2641,250235062051,901653.329602841,2509.8169442527,2509.81694425223,899679.755567313,1,0.0015503875968992248
1771,2641,250235062051,901653.329602841,5850.69646512985,5850.69646512554,899679.755567313,3,0.004651162790697674
8731,4421,250235452002,3534018.34797978,16656.175405072,16656.1754050725,2927007.19645997,3,0.0029644268774703555
35,1853,250235001041,1000278.69870328,156218.036089072,128210.101974998,851659.764979231,2,0.0029806259314456036
2279,2655,250235081022,4008059.78679469,3302.27538110293,3302.2753811035,3196747.16061895,1,9.891196834817012e-4
3916,1882,250235202012,1506995.95970748,59398.0173646015,59398.0173646214,1506995.95970743,2,0.003787878787878788
9419,2570,250235614003,1318785.46191567,68379.0054222758,64298.5094841337,1314617.7544672,13,0.02832244008714597
866,1897,250235031024,3894927.13947721,2667.94010864302,2667.94010864187,3894927.13947666,1,0.002232142857142857
9249,4438,250235611001,37909328.4441597,20555.34625315,20555.3462531501,10974909.4545697,1,8.375209380234506e-4
4608,2534,250235241021,4336064.37632384,3684526.30218134,3678156.36271946,4329694.43686207,778,0.8530701754385965
6302,2723,250235308012,8656618.18441341,4347072.70687004,3978757.81023177,8000570.57905239,778,0.590288315629742
6980,4383,250235401012,8972174.96974305,26761.416192627,26761.4161926527,8697983.72603793,2,0.0020470829068577278
9439,2572,250239802001,7179410.36500559,1886625.06420882,1871164.91547946,6859883.23243799,3,0.028846153846153848
9135,4432,250235601001,17354434.3342268,12269.3760030223,12269.376003026,9343259.08194696,3,0.002785515320334262
9245,4438,250235611001,37909328.4441597,6658.51675533503,6658.51675533596,10974909.4545697,2,0.0016750418760469012
1565,2641,250235061024,1146914.95747118,22130.0947454982,22130.094745486,1146914.9574711,2,0.007042253521126761
6272,2723,250235308011,14915174.1825856,4401178.27219727,4007086.11936274,14289884.9175079,586,0.3430913348946136
6881,2716,250235309041,15492355.9624857,2892070.02016046,2815282.62722486,14862968.9118942,248,0.19076923076923077
6605,2726,250235309021,14216670.3105574,5907366.85493897,5753807.66164415,13665963.2422421,204,0.17941952506596306
2385,2684,250235091014,16874175.5252041,12483827.1347393,12160979.5007129,16428071.3142539,808,0.6628383921246924
2493,2675,250235091024,3105249.07545055,1132225.31346619,1106849.24536406,2992884.09943054,692,0.6731517509727627
2442,2681,250235091022,5379824.0394206,2521348.66148411,2521348.6614842,5368678.31561279,302,0.5127334465195246
2382,2675,250235091013,1797186.41691202,1225630.76533234,1225630.76533235,1797186.4169123,453,0.7089201877934272
2368,2684,250235091011,8509894.84694824,4732085.58648279,4640320.32534913,8375472.64412501,557,0.5863157894736842
2369,2683,250235091011,8509894.84694824,3770935.1650151,3728278.22332552,8375472.64412501,393,0.41368421052631577
8038,2674,250235431001,39120130.720129,30381722.4043249,29831284.0783481,38048726.6917819,1394,0.7462526766595289
5542,2708,250235304002,1398758.15089716,1396533.60684309,1396533.60684318,1398758.15089716,573,0.9982578397212544
5573,2710,250235304003,7072520.74546913,3482413.7438156,3133595.03864398,6559391.24455447,190,0.20585048754062837
5578,2708,250235304003,7072520.74546913,2897039.40534216,2732729.10741124,6559391.24455447,390,0.4225352112676056
5682,2710,250235306001,14433400.1558702,1616789.45577514,1616789.45577515,12399523.1811645,104,0.21666666666666667
4623,2534,250235241022,6284670.91178955,1868154.61076366,1868154.61076367,6139572.87280982,223,0.2797992471769134
8146,4407,250235441002,8500440.16628464,8498845.81447969,8028649.04416852,8030243.39597457,896,1
8410,4411,250235442002,20230524.2012495,20199622.3190285,18729519.6936383,18760421.5758596,939,1
5975,2711,250235306005,9564631.14606563,6607076.08077592,6444332.64096425,9233115.15740277,291,0.5938775510204082
5727,2712,250235306002,31783640.9413127,25843195.19227,24871761.3623044,30806792.2286111,613,0.7940414507772021
5872,2712,250235306003,45343938.3469712,33279130.049588,32360183.9172525,42169944.9020569,188,0.18762475049900199
5667,2704,250235305005,4379042.27182274,3672528.33981614,3599469.82172684,4290410.72055723,911,0.8054818744473917
5669,2703,250235305005,4379042.27182274,685245.622457383,680838.23614735,4290410.72055723,217,0.1918656056587091
5508,2697,250235303004,905963.033643238,905557.326100064,905557.326100094,905963.033643201,485,1
5629,2702,250235305003,681062.215837006,680731.431052169,680731.43105214,681062.215837175,190,1
533,1891,250235022003,4465308.14552537,18114.5894950815,18114.5894950852,4465236.74985578,1,9.074410163339383e-4
5581,2710,250235304004,4522452.72942163,932476.371064861,516059.664157631,3172972.51231768,175,0.2878289473684211
9159,4435,250235601004,10209657.5966588,191851.724304857,191851.724304698,10209657.5966589,2,0.0019029495718363464
5900,2713,250235306003,45343938.3469712,2971992.58106823,2621098.52949623,42169944.9020569,382,0.3812375249500998
6882,2717,250235309041,15492355.9624857,10474027.3895948,10341053.2673935,14862968.9118942,767,0.59
5914,2710,250235306004,4930960.92220085,4930826.32507569,4654338.61996666,4654473.21709117,763,1
5501,2699,250235303003,659919.278782139,659802.987658505,659802.987658526,659919.278782044,361,1
5986,2713,250235306005,9564631.14606563,2661844.12664367,2493071.57779184,9233115.15740277,199,0.4061224489795918
9202,4432,250235601005,10464364.4841056,3217.92746759206,3217.92746759206,5765807.01272783,1,0.0011037527593818985
4637,2532,250235241023,2969476.9264704,763288.068253489,763288.068253491,2969476.92647034,267,0.39732142857142855
4588,2532,250235241012,20651704.3873743,8124043.88994867,7531536.09768182,20044280.2284902,698,0.4915492957746479
4567,2535,250235241011,6354959.65756758,3352995.45238134,3282652.981403,6247545.94999862,169,0.39211136890951276
4573,2533,250235241012,20651704.3873743,1394384.96167706,1394384.96167706,20044280.2284902,305,0.2147887323943662
4568,2536,250235241011,6354959.65756758,2250116.28320001,2213079.25739182,6247545.94999862,104,0.24129930394431554
4591,2530,250235241012,20651704.3873743,3805866.59951144,3800154.88437695,20044280.2284902,276,0.19436619718309858
4629,2535,250235241023,2969476.9264704,887676.947882512,887676.947882534,2969476.92647034,157,0.23363095238095238
4587,2531,250235241012,20651704.3873743,7274747.60539872,7267299.66305404,20044280.2284902,141,0.09929577464788733
4594,2533,250235241021,4336064.37632384,651321.44041517,651321.440415105,4329694.43686207,134,0.14692982456140352
4570,2532,250235241011,6354959.65756758,751584.277164791,751584.277164793,6247545.94999862,158,0.3665893271461717
4635,2533,250235241023,2969476.9264704,969791.82864726,969791.828647248,2969476.92647034,182,0.2708333333333333
4636,2534,250235241023,2969476.9264704,220010.093287749,220010.093287743,2969476.92647034,40,0.05952380952380952
4620,2535,250235241022,6284670.91178955,19870.0799106658,18468.5503048886,6139572.87280982,4,0.005018820577164366
3026,1753,250235106003,2534719.11604227,2530801.98318745,2520949.16384331,2524502.73083288,525,1
2853,1736,250235105033,1924823.67904233,1551522.12268825,1551522.1226883,1924760.07224086,619,0.958204334365325
3742,1754,250235117021,4524030.13115838,1130373.00998721,1130373.00998736,4523999.94832852,502,0.43690165361183636
2999,1752,250235106002,1878245.57324495,1876918.4644286,1853447.15751786,1854774.26633421,500,1
2843,1735,250235105031,204509.811539836,203780.881835346,203780.881835337,204403.030323883,88,1
3741,1756,250235117021,4524030.13115838,741334.190405804,741334.190405795,4523999.94832852,342,0.29765013054830286
2850,1740,250235105032,435573.899902645,434967.269457964,434967.269457972,435573.899902659,171,1
2857,1737,250235105033,1924823.67904233,368090.731512311,368090.731512307,1924760.07224086,27,0.04179566563467492
3746,1757,250235117021,4524030.13115838,991299.798596462,991299.798596507,4523999.94832852,149,0.12967798085291557
3745,1755,250235117021,4524030.13115838,940331.421616403,940331.421616388,4523999.94832852,100,0.08703220191470844
3618,1760,250235117012,1263190.07904441,591019.424380393,591019.424380415,1257344.21605057,612,0.7876447876447876
2894,1742,250235105042,493190.777750362,493161.044975815,493161.044975784,493190.777750426,370,1
3069,1759,250235107004,647622.148766505,450334.975472821,450334.975472798,647622.148766476,273,0.4634974533106961
2824,1732,250235105013,830161.785203612,317916.684562278,317916.68456228,830161.785203636,336,0.5733788395904437
3099,1751,250235107005,444143.335474416,379812.85949982,379812.859499823,444143.33547434,578,0.8550295857988166
3041,1750,250235107001,351602.779279382,132422.167672803,132422.167672778,351602.779279288,153,0.34459459459459457
2942,1738,250235105051,2021680.61401511,539735.796506497,507924.180171654,1861128.47197433,49,0.17253521126760563
2967,1752,250235106001,939757.319851772,618954.232665679,618954.232665647,939757.319851747,254,0.5866050808314087
3617,1759,250235117012,1263190.07904441,672078.250858942,666232.387864977,1257344.21605057,165,0.21235521235521235
3744,1758,250235117021,4524030.13115838,720090.06964469,720090.069644733,4523999.94832852,56,0.04873803307223673
3032,1747,250235107001,351602.779279382,67339.5139137166,67339.5139137204,351602.779279288,90,0.20270270270270271
3031,1748,250235107001,351602.779279382,151836.043711056,151836.043711052,351602.779279288,201,0.4527027027027027
2941,1739,250235105051,2021680.61401511,692002.137536328,692002.137536337,1861128.47197433,46,0.1619718309859155
3046,1750,250235107002,408873.814012812,408868.828079396,408868.828079391,408873.814012781,382,1
2998,1756,250235106001,939757.319851772,317769.985277167,317769.985277162,939757.319851747,179,0.4133949191685912
3682,1760,250235117014,1312419.03839111,1312346.93237323,1312346.93237324,1312419.03839116,761,1
3056,1750,250235107003,289588.743716761,261249.678181192,261249.678181184,289588.743716709,277,0.9172185430463576
2952,1734,250235105052,1310112.11551104,1298021.52250052,1143733.90946276,1155824.17202151,198,1
2940,1741,250235105051,2021680.61401511,787266.453042088,658525.927336138,1861128.47197433,189,0.6654929577464789
3054,1741,250235107003,289588.743716761,28337.0646759249,28337.0646759229,289588.743716709,25,0.08278145695364239
3399,1782,250235113011,1055403.58188557,813943.696726551,803217.043922698,1043346.94303668,820,0.9276018099547512
3440,1782,250235113013,920230.110141012,259799.275302561,247427.583824186,905961.448977382,126,0.21951219512195122
3185,1776,250235110002,621933.309557677,216677.398376975,216677.398376983,621933.309557792,239,0.8074324324324325
2510,1770,250235101001,781628.340842997,781400.714760546,781400.714760494,781628.106706562,665,1
3181,1776,250235110001,843015.051878733,235146.569339011,235146.569339012,843015.051878655,203,0.4461538461538462
2564,1769,250235101003,403878.305150939,403831.395351486,403831.395351507,403878.30515095,355,1
2683,1771,250235102004,898132.235170311,898094.638192069,898094.638192032,898132.235170231,895,1
3233,1774,250235111002,956235.405504409,926155.925629881,926155.925629877,956235.405504381,647,0.9803030303030303
3356,1777,250235112002,376566.619829119,373320.527141923,373320.527141906,376566.619829105,422,1
2644,1772,250235102002,767291.949782107,767167.794494777,767167.794494794,767291.949782171,532,1
3179,1773,250235110001,843015.051878733,491333.884487566,491333.884487585,843015.051878655,242,0.5318681318681319
3374,1777,250235112003,360366.608352511,360337.659710316,360337.659710306,360366.608352504,393,1
2577,1769,250235101004,1268830.70141642,1201382.63519843,1201382.63519848,1268830.70141645,543,0.9378238341968912
3562,1768,250235116021,2522080.50581159,740058.370727397,725958.974662532,2507260.08554352,61,0.08931185944363104
3425,1782,250235113012,1315328.53668742,1297213.02125069,1297213.02125071,1315328.53668795,354,0.9943820224719101
2529,1770,250235101002,686305.021365641,685922.485054302,685922.485054238,686305.021365632,556,1
2663,1771,250235102003,732070.090791557,398063.187709264,398063.187709225,732070.090791558,169,0.7788018433179723
3114,1749,250235107005,444143.335474416,62972.8459041812,62972.8459041863,444143.33547434,98,0.14497041420118342
3134,1748,250235108002,186803.629500362,186799.348328033,186799.348328025,186803.629500387,230,1
2880,1742,250235105041,362591.846419808,362543.629423918,362543.629423904,362591.846419922,274,1
2823,1733,250235105013,830161.785203612,500747.024500704,500747.024500705,830161.785203636,250,0.42662116040955633
3070,1761,250235107004,647622.148766505,197211.394398606,197211.394398585,647622.148766476,316,0.5365025466893039
3597,1760,250235117011,268045.945660888,267991.849619075,267991.849619058,268045.945660849,381,1
2736,1743,250235103002,493615.582289149,490318.264925145,490318.264925164,493615.582289061,550,0.9963768115942029
3553,1762,250235116013,489072.103417676,140259.465029194,140259.465029201,489072.103417752,228,0.3787375415282392
2760,1744,250235104002,174379.885428895,137094.340926348,137094.340926336,174379.885428815,131,0.9097222222222222
3577,1766,250235116023,369175.929699193,369125.8459887,369125.845988695,369175.92969915,456,1
3526,1762,250235115004,200940.075680112,200867.974130991,200867.974130984,200940.075680097,324,1
3439,1781,250235113013,920230.110141012,576185.237471595,574519.223933546,905961.448977382,422,0.735191637630662
2576,1770,250235101004,1268830.70141642,63171.5508719347,63171.5508719475,1268830.70141645,36,0.06217616580310881
3543,1765,250235116012,198786.544483474,185989.51171359,185400.237139966,197457.578148097,168,1
3516,1762,250235115003,243915.909485982,243868.184796434,243868.184796432,243915.909485956,418,1
2769,1744,250235104003,171910.031721365,38405.0541871315,38405.05418713,171910.03172133,52,0.21052631578947367
3668,1762,250235117013,271733.402530358,117788.541245255,117788.541245251,271733.402530366,197,0.49747474747474746
3565,1766,250235116021,2522080.50581159,1114546.75825858,1114546.75825858,2507260.08554352,489,0.7159590043923866
3539,1764,250235116011,247097.185428878,199465.257580032,199465.257580041,247097.185428945,240,0.8163265306122449
3471,1763,250235114001,167239.708790583,167145.863818897,167145.863818888,167239.708790552,162,1
3510,1764,250235115002,118038.290924735,118038.290924749,118038.290924735,118038.290924735,176,1
3162,1763,250235109001,411240.763000717,225114.771517141,225114.771517167,411240.763000763,140,0.7486631016042781
3547,1766,250235116013,489072.103417676,297733.864093092,297733.864093109,489072.103417752,326,0.5415282392026578
2744,1744,250235104001,184869.875797969,184414.979279932,184414.979279942,184869.875797994,205,1
2797,1732,250235105011,467365.92420477,466596.58400795,445750.881934906,446520.222131755,337,1
3573,1767,250235116022,367281.196419414,108289.780246482,106629.326552919,360373.374631471,79,0.34051724137931033
3509,1764,250235115001,166782.24158687,166757.714956158,166757.714956164,166782.241586875,206,1
3482,1761,250235114002,203324.625298067,203304.732072668,203304.73207266,203324.625298088,301,1
3168,1745,250235109002,328787.89919202,232212.117899625,232212.117899628,328787.899192021,130,0.7647058823529411
3561,1767,250235116021,2522080.50581159,666022.420991641,665304.127480265,2507260.08554352,133,0.19472913616398244
3163,1746,250235109001,411240.763000717,186084.926492931,186084.926492928,411240.763000763,47,0.25133689839572193
3575,1765,250235116022,367281.196419414,167827.03682251,167799.599967907,360373.374631471,143,0.6163793103448276
3532,1765,250235116011,247097.185428878,47552.3741659604,47552.3741659622,247097.185428945,54,0.1836734693877551
2659,1773,250235102003,732070.090791557,331303.125470364,331303.125470397,732070.090791558,48,0.22119815668202766
3548,1765,250235116013,489072.103417676,51010.0881923903,51010.088192408,489072.103417752,48,0.07973421926910298
3438,1775,250235113013,920230.110141012,79109.5962951587,78878.6401480396,905961.448977382,26,0.04529616724738676
3497,1761,250235114004,185009.252235359,184989.199934895,184989.199934882,185009.252235337,234,1
2759,1745,250235104002,174379.885428895,37272.4067896618,37272.4067896598,174379.885428815,13,0.09027777777777778
3398,1781,250235113011,1055403.58188557,240156.101559984,238826.115514647,1043346.94303668,64,0.07239819004524888
3186,1775,250235110002,621933.309557677,248224.074601019,248224.074600998,621933.309557792,35,0.11824324324324324
2803,1733,250235105012,242219.541256796,240625.262651561,240625.262651563,242219.541256733,234,1
3489,1761,250235114003,171592.704933784,126139.291222132,126139.291222124,171592.704933789,197,0.7547892720306514
3491,1749,250235114003,171592.704933784,45452.4023455132,45452.4023455111,171592.704933789,64,0.24521072796934865
3147,1748,250235108004,230291.591363677,230291.59136365,230291.59136367,230291.59136367,251,1
3182,1775,250235110001,843015.051878733,111297.945144282,111297.945144283,843015.051878655,10,0.02197802197802198
3161,1749,250235108006,210977.714781805,210042.081011414,210042.081011407,210977.714781812,305,1
3150,1747,250235108005,146151.279432791,145622.48305569,145622.483055694,146151.279432812,220,1
2710,1743,250235103001,530125.284542777,404744.155889567,404744.155889586,530125.284542869,276,0.9752650176678446
3667,1760,250235117013,271733.402530358,153908.664009472,153908.66400945,271733.402530366,199,0.5025252525252525
3146,1749,250235108003,191994.45479736,108112.763598037,108112.763598054,191994.454797365,44,0.3893805309734513
3282,1776,250235111003,1039627.71481671,540066.779933834,540066.779933842,1039627.71481683,452,0.7874564459930313
3450,1783,250235113022,648485.03417857,648469.584758391,648469.58475842,648485.034178606,156,1
3129,1747,250235108001,173098.531322965,172622.843304037,172622.843304029,173098.531322963,180,1
4098,1786,250235211022,1214183.02073106,933711.944823119,933711.944823145,1214183.02073096,548,0.6954314720812182
5302,2669,250235261005,17145729.044211,16057233.051864,15774952.460307,16852902.4940991,946,0.9229268292682927
4179,1791,250235212023,2380539.27001838,516718.787722932,516718.787722951,2380539.27001815,349,0.3681434599156118
4027,1787,250235211011,2340585.69904523,306313.110323215,304984.992516592,2326702.55905347,110,0.13189448441247004
4099,1787,250235211022,1214183.02073106,280424.582639301,280424.582639293,1214183.02073096,240,0.30456852791878175
4155,1788,250235212012,2146604.44797353,1826874.64887461,1784674.30602323,2104404.1051222,512,0.687248322147651
5214,2668,250235261001,12730738.9001767,9964406.01463503,8797150.5833184,10645239.9099401,632,0.7357392316647264
3141,1748,250235108003,191994.45479736,83823.8941822108,83823.8941822099,191994.454797365,69,0.6106194690265486
4061,1787,250235211021,861443.04861755,861379.696308883,861379.696308864,861443.048617541,569,1
4028,1784,250235211011,2340585.69904523,2033453.31618183,2020898.29399693,2326702.55905347,724,0.86810551558753
4045,1785,250235211013,3427543.12768018,1309310.36140631,1309310.36140604,3427543.12768003,181,0.27675840978593275
4046,1786,250235211013,3427543.12768018,1685468.71255757,1685468.71255759,3427543.12768003,381,0.5825688073394495
4126,1788,250235212011,478087.071755204,153662.210454726,153662.210454721,478087.071755213,76,0.20540540540540542
3574,1768,250235116022,367281.196419414,90723.8616828835,85503.9304431873,360373.374631471,10,0.04310344827586207
3460,1783,250235113023,1525287.22034173,1525248.36189437,1525248.36189434,1525287.22034171,895,1
2581,1772,250235102001,2497724.52187099,2497387.68062473,2490730.71066138,2491066.64677079,740,1
3448,1783,250235113021,697351.735086188,696062.289787052,696062.289786916,697351.735086238,306,1
4181,1790,250235212023,2380539.27001838,1863735.2637763,1863735.26377632,2380539.27001815,599,0.6318565400843882
4052,1787,250235211013,3427543.12768018,343004.072714245,343004.072714244,3427543.12768003,70,0.10703363914373089
4031,1785,250235211012,1920669.63956865,1036082.6659096,1036082.6659096,1920669.63956874,254,0.5059760956175299
4036,1784,250235211012,1920669.63956865,884488.99240373,884488.992403732,1920669.63956874,248,0.4940239043824701
3192,1774,250235111001,1511131.09301203,909004.423107577,900542.876151728,1502641.78581553,523,0.5142576204523107
3295,1780,250235112001,3158638.9016029,1099286.70291926,1099286.70291929,3158638.90160277,82,0.08845738942826321
3191,1779,250235111001,1511131.09301203,602049.709635018,602049.709634999,1502641.78581553,494,0.4857423795476893
3190,1777,250235110002,621933.309557677,154446.308785316,154446.308785316,621933.309557792,22,0.07432432432432433
3293,1779,250235112001,3158638.9016029,1526421.40153732,1526421.4015374,3158638.90160277,522,0.5631067961165048
3281,1778,250235111003,1039627.71481671,247433.701187788,247433.701187792,1039627.71481683,70,0.12195121951219512
3261,1776,250235111002,956235.405504409,29906.6425939675,29906.6425939687,956235.405504381,13,0.019696969696969695
4159,1791,250235212021,2780820.40347607,728408.792080774,728408.792080672,2780820.40347574,167,0.3583690987124464
2727,1771,250235103002,493615.582289149,1776.57547281543,1776.57547280751,493615.582289061,2,0.0036231884057971015
3274,1774,250235111003,1039627.71481671,252098.245000873,252098.245000872,1039627.71481683,52,0.09059233449477352
4053,1784,250235211013,3427543.12768018,89323.0272950463,89323.0272950535,3427543.12768003,22,0.03363914373088685
5643,2703,250235305004,628493.285216516,400158.944826371,400158.944826493,618292.980087581,211,0.5523560209424084
5641,2701,250235305004,628493.285216516,224656.771716654,217856.756960243,618292.980087581,171,0.4476439790575916
5601,2701,250235305001,620557.083110216,309549.95314514,300218.32473792,610559.79755871,286,0.6313465783664459
5874,2714,250235306003,45343938.3469712,6237629.65258795,4511360.01465786,42169944.9020569,297,0.2964071856287425
2376,2677,250235091013,1797186.41691202,571266.763217649,571266.763217653,1797186.4169123,186,0.29107981220657275
2484,2678,250235091024,3105249.07545055,1731412.48152313,1677277.05139279,2992884.09943054,329,0.32003891050583655
8230,4410,250235442001,30563068.7374821,30558776.5529225,28964231.1170118,28967611.6719085,1218,1
3331,1777,250235112001,3158638.9016029,73134.9351477522,73134.9351477468,3158638.90160277,69,0.0744336569579288
2389,2677,250235091014,16874175.5252041,1738783.63133712,1738783.63133708,16428071.3142539,185,0.15176374077112387
8437,4412,250235442003,13959804.8204721,13959801.7308611,12457146.6893689,12457149.7789803,846,1
8509,4413,250235442004,9560383.63605224,9558931.63968981,9295036.67326939,9296488.66963188,949,1
2504,2677,250235091025,1150788.43944388,662951.706356002,662951.706355983,1150788.43944405,240,0.5607476635514018
6056,2718,250235307002,7274607.82163443,3217102.26108371,3090836.13403271,7122350.17033791,79,0.1202435312024353
5537,2707,250235304001,4116920.62320277,1243005.54234301,1084103.05474994,3892331.95860296,243,0.226890756302521
2388,2680,250235091014,16874175.5252041,627933.121208556,627232.054018264,16428071.3142539,176,0.1443806398687449
2394,2676,250235091014,16874175.5252041,2020458.10622042,1897902.91647857,16428071.3142539,50,0.04101722723543889
5381,2706,250235301002,7026622.3294739,1430499.11137032,1374881.45264769,6919557.37864214,446,0.470960929250264
2443,2680,250235091023,2698321.51315504,1839836.45260987,1833533.6449324,2664315.44419831,344,0.8210023866348448
2418,2679,250235091021,5487370.76384062,2168283.98777111,2168283.98777106,5463174.0314637,451,0.4891540130151844
2505,2678,250235091025,1150788.43944388,251556.696199406,251556.696199397,1150788.43944405,87,0.20327102803738317
8080,4406,250235441001,9248035.54758024,9247242.60936498,8732243.98362778,8733018.30506525,628,1
2373,2683,250235091012,4310782.35488424,3284418.45813332,3284418.45813333,3966760.75580666,442,0.8308270676691729
2433,2682,250235091022,5379824.0394206,2597127.93650111,2585982.21269399,5368678.31561279,236,0.400679117147708
2399,2682,250235091021,5487370.76384062,1346390.39710725,1337868.4069335,5463174.0314637,276,0.2993492407809111
8201,4409,250235441004,3697148.81686001,3695175.8073554,3614711.58230674,3616684.59181112,599,1
2372,2682,250235091012,4310782.35488424,991372.658993938,647586.466225011,3966760.75580666,90,0.16917293233082706
2417,2681,250235091021,5487370.76384062,1970636.87777465,1954962.13557163,5463174.0314637,195,0.21149674620390455
4111,1789,250235212011,478087.071755204,324384.767832346,324384.767832367,478087.071755213,294,0.7945945945945946
5332,2668,250235261005,17145729.044211,149362.223175148,149362.223175133,16852902.4940991,38,0.037073170731707315
8049,2673,250235431001,39120130.720129,8736511.78245919,8216271.75542588,38048726.6917819,474,0.25374732334047106
2435,2680,250235091022,5379824.0394206,172470.417432506,172470.417432531,5368678.31561279,51,0.0865874363327674
2472,2679,250235091024,3105249.07545055,15987.4474669881,15987.4474669836,2992884.09943054,7,0.006809338521400778
8171,4408,250235441003,7111537.4451372,7110187.1387927,6772645.34104939,6773995.08791172,819,1
5273,2670,250235261004,7546101.44834157,5683584.68443218,5683584.68443215,7546101.44834142,270,0.3057757644394111
2457,2679,250235091023,2698321.51315504,858409.475781864,830706.214502432,2664315.44419831,75,0.17899761336515513
5216,2671,250235261001,12730738.9001767,2765468.09445545,1847404.19919932,10645239.9099401,227,0.26426076833527357
4157,1789,250235212021,2780820.40347607,2049008.08001266,2049008.08001271,2780820.40347574,299,0.6416309012875536
4128,1789,250235212012,2146604.44797353,119129.896785716,119129.896785718,2104404.1051222,157,0.21073825503355706
4130,1790,250235212012,2146604.44797353,200558.345596901,200558.345596926,2104404.1051222,76,0.10201342281879194
4177,1790,250235212022,471902.973362569,471890.184075517,471890.184075552,471902.973362555,377,1
5235,2672,250235261003,5232241.84673903,5213757.10178595,5129912.8956176,5148397.64057057,848,1
5231,2672,250235261002,2374269.25917296,814102.377844613,368547.119311661,1209490.12846233,132,0.2920353982300885
5437,2699,250235303001,447913.143704616,204675.817075652,204675.817075608,437642.137646989,152,0.4676923076923077
5616,2702,250235305002,1000142.0646091,1000082.21197228,1000082.21197227,1000142.064609,233,1
5444,2700,250235303001,447913.143704616,237020.654327929,230128.895067333,437642.137646989,172,0.5292307692307693
5275,2672,250235261004,7546101.44834157,1278647.48451887,1278647.48451886,7546101.44834142,532,0.6024915062287656
5668,2719,250235305005,4379042.27182274,20702.9794366354,9537.33257005428,4290410.72055723,3,0.002652519893899204
5285,2671,250235261004,7546101.44834157,582766.899176329,582766.899176336,7546101.44834142,81,0.09173272933182333
5590,2702,250235305001,620557.083110216,303716.168127482,303051.268663909,610559.79755871,163,0.3598233995584989
5234,2671,250235261002,2374269.25917296,1560098.05141529,840876.862468223,1209490.12846233,320,0.7079646017699115
6135,2719,250235307003,14899560.6457012,169149.268202019,137460.193893234,14774913.8504351,24,0.01804511278195489
6704,2715,250235309031,2315342.73816297,2301119.67343338,2169607.83012973,2183830.89485943,660,1
5596,2701,250235305001,620557.083110216,6928.29632951936,6928.29632951575,610559.79755871,4,0.008830022075055188
5484,2698,250235303002,932979.42186141,467133.661020636,439477.357563572,872500.350564709,268,0.5009345794392523
5309,2670,250235261005,17145729.044211,938031.000807826,927525.823598316,16852902.4940991,41,0.04
5430,2694,250235302002,2314815.82972626,1076201.56607447,1024079.41157616,2190020.71393891,354,0.4639580602883355
5420,2695,250235302002,2314815.82972626,1216742.82355141,1165746.99603766,2190020.71393891,409,0.5360419397116645
2506,2675,250235091025,1150788.43944388,236231.264947368,236231.264947368,1150788.43944405,101,0.23598130841121495
5399,2696,250235302001,1033820.74723624,304705.126561781,304705.126561761,1033820.74723638,302,0.42296918767507
5467,2696,250235303002,932979.42186141,449961.904670214,432977.288703383,872500.350564709,267,0.49906542056074765
5582,2711,250235304004,4522452.72942163,1149138.21097816,834694.534710022,3172972.51231768,45,0.07401315789473684
3413,1783,250235113012,1315328.53668742,17960.5879218139,17960.5879218157,1315328.53668795,2,0.0056179775280898875
5446,2698,250235303001,447913.143704616,3222.29151543581,2732.43882899033,437642.137646989,1,0.003076923076923077
6436,2725,250235308023,1031832.37461949,246464.513108091,244603.039376486,1027224.81450486,113,0.1584852734922861
6697,2726,250235309022,5522426.38266908,3082780.36295646,3060965.6338002,5477546.33962351,326,0.30129390018484287
6437,2721,250235308023,1031832.37461949,785282.497432127,782536.411049019,1027224.81450486,600,0.8415147265077139
6406,2725,250235308022,2800046.50605742,2658251.60874666,2562654.11871658,2695902.55632441,443,0.9888392857142857
6273,2725,250235308011,14915174.1825856,7502877.25988466,7289765.12407855,14289884.9175079,918,0.5374707259953162
6483,2721,250235308024,2054444.17527026,905992.262750633,881957.732330917,1992352.59437386,553,0.5614213197969543
6698,2727,250235309022,5522426.38266908,2439633.32101469,2416568.00712573,5477546.33962351,756,0.6987060998151571
6484,2720,250235308024,2054444.17527026,1148352.72587703,1110295.67539998,1992352.59437386,432,0.4385786802030457
6305,2725,250235308012,8656618.18441341,792002.037214155,758952.117263588,8000570.57905239,11,0.00834597875569044
5699,2711,250235306001,14433400.1558702,431798.771328162,431798.771328129,12399523.1811645,6,0.0125
6404,2726,250235308022,2800046.50605742,141431.133284525,133238.498577766,2695902.55632441,5,0.011160714285714286
6396,2720,250235308021,911657.818274852,911578.330406931,808418.507765092,808487.442002011,568,1
6813,2727,250235309033,6406054.55428499,450598.752480738,450598.752480743,5687381.41431494,37,0.03842159916926272
5543,2709,250235304002,1398758.15089716,2216.53967959993,2216.53967960051,1398758.15089716,1,0.0017421602787456446
